/*
 Navicat Premium Data Transfer

 Source Server         : local-mysql
 Source Server Type    : MySQL
 Source Server Version : 100413
 Source Host           : localhost:3306
 Source Schema         : service_mobil

 Target Server Type    : MySQL
 Target Server Version : 100413
 File Encoding         : 65001

 Date: 24/08/2021 02:14:35
*/

SET NAMES utf8mb4;
SET FOREIGN_KEY_CHECKS = 0;

-- ----------------------------
-- Table structure for m_barang
-- ----------------------------
DROP TABLE IF EXISTS `m_barang`;
CREATE TABLE `m_barang`  (
  `id` int(32) NOT NULL AUTO_INCREMENT,
  `nama_barang` varchar(500) CHARACTER SET utf8mb4 COLLATE utf8mb4_general_ci NULL DEFAULT NULL,
  `harga_awal` float(20, 2) NULL DEFAULT NULL,
  `harga_jual` float(20, 2) NULL DEFAULT NULL,
  `created_at` datetime(0) NULL DEFAULT NULL,
  `updated_at` datetime(0) NULL DEFAULT NULL,
  `deleted_at` datetime(0) NULL DEFAULT NULL,
  `stok` float(20, 2) NULL DEFAULT NULL,
  `id_kategori_barang` int(32) NULL DEFAULT NULL,
  PRIMARY KEY (`id`) USING BTREE
) ENGINE = InnoDB AUTO_INCREMENT = 3 CHARACTER SET = utf8mb4 COLLATE = utf8mb4_general_ci ROW_FORMAT = DYNAMIC;

-- ----------------------------
-- Records of m_barang
-- ----------------------------
INSERT INTO `m_barang` VALUES (1, 'Acuu Mobil', 300000.00, 350000.00, '2021-07-10 11:50:43', '2021-07-10 12:07:13', NULL, 11.00, 1);
INSERT INTO `m_barang` VALUES (2, 'Ban Mobil', 500000.00, 550000.00, '2021-07-17 19:05:24', NULL, NULL, 20.00, 1);

-- ----------------------------
-- Table structure for m_customer
-- ----------------------------
DROP TABLE IF EXISTS `m_customer`;
CREATE TABLE `m_customer`  (
  `id` int(32) NOT NULL AUTO_INCREMENT,
  `nama_customer` varchar(255) CHARACTER SET utf8mb4 COLLATE utf8mb4_general_ci NULL DEFAULT NULL,
  `alamat` varchar(500) CHARACTER SET utf8mb4 COLLATE utf8mb4_general_ci NULL DEFAULT NULL,
  `telp` varchar(255) CHARACTER SET utf8mb4 COLLATE utf8mb4_general_ci NULL DEFAULT NULL,
  `created_at` datetime(0) NULL DEFAULT NULL,
  `updated_at` datetime(0) NULL DEFAULT NULL,
  `deleted_at` datetime(0) NULL DEFAULT NULL,
  PRIMARY KEY (`id`) USING BTREE
) ENGINE = InnoDB AUTO_INCREMENT = 3 CHARACTER SET = utf8mb4 COLLATE = utf8mb4_general_ci ROW_FORMAT = DYNAMIC;

-- ----------------------------
-- Records of m_customer
-- ----------------------------
INSERT INTO `m_customer` VALUES (1, 'Selly Puspita', 'Jl. Tegalsari No. 8', '08972364623', NULL, NULL, NULL);
INSERT INTO `m_customer` VALUES (2, 'Agus Purnomo', 'Jl. Demak Pegangsari No. 10', '0812472374', NULL, NULL, NULL);

-- ----------------------------
-- Table structure for m_kategori_barang
-- ----------------------------
DROP TABLE IF EXISTS `m_kategori_barang`;
CREATE TABLE `m_kategori_barang`  (
  `id` int(32) NOT NULL AUTO_INCREMENT,
  `nama_kategori` varchar(255) CHARACTER SET utf8mb4 COLLATE utf8mb4_general_ci NULL DEFAULT NULL,
  `is_aktif` varchar(5) CHARACTER SET utf8mb4 COLLATE utf8mb4_general_ci NULL DEFAULT NULL,
  PRIMARY KEY (`id`) USING BTREE
) ENGINE = InnoDB AUTO_INCREMENT = 4 CHARACTER SET = utf8mb4 COLLATE = utf8mb4_general_ci ROW_FORMAT = DYNAMIC;

-- ----------------------------
-- Records of m_kategori_barang
-- ----------------------------
INSERT INTO `m_kategori_barang` VALUES (1, 'Onderdil', '1');
INSERT INTO `m_kategori_barang` VALUES (2, 'Peralatan Kebersihan', '1');
INSERT INTO `m_kategori_barang` VALUES (3, 'Lainnya', '1');

-- ----------------------------
-- Table structure for m_kendaraan
-- ----------------------------
DROP TABLE IF EXISTS `m_kendaraan`;
CREATE TABLE `m_kendaraan`  (
  `id` int(32) NOT NULL AUTO_INCREMENT,
  `nama_kendaraan` varchar(255) CHARACTER SET utf8mb4 COLLATE utf8mb4_general_ci NULL DEFAULT NULL,
  `warna` varchar(255) CHARACTER SET utf8mb4 COLLATE utf8mb4_general_ci NULL DEFAULT NULL,
  `merek` varchar(255) CHARACTER SET utf8mb4 COLLATE utf8mb4_general_ci NULL DEFAULT NULL,
  `nopol` varchar(20) CHARACTER SET utf8mb4 COLLATE utf8mb4_general_ci NULL DEFAULT NULL,
  `created_at` datetime(0) NULL DEFAULT NULL,
  `updated_at` datetime(0) NULL DEFAULT NULL,
  `deleted_at` datetime(0) NULL DEFAULT NULL,
  PRIMARY KEY (`id`) USING BTREE
) ENGINE = InnoDB AUTO_INCREMENT = 4 CHARACTER SET = utf8mb4 COLLATE = utf8mb4_general_ci ROW_FORMAT = DYNAMIC;

-- ----------------------------
-- Records of m_kendaraan
-- ----------------------------
INSERT INTO `m_kendaraan` VALUES (1, 'Honda Mobilio', 'Putih', '3', 'L 1345 YZ', '2021-08-11 09:43:20', NULL, NULL);
INSERT INTO `m_kendaraan` VALUES (2, 'Pajero Sport', 'Hitam', '2', 'L 1462 KT', '2021-08-11 09:44:13', NULL, NULL);
INSERT INTO `m_kendaraan` VALUES (3, 'Kijang', 'Putih', '2', 'L 2745 KT', '2021-08-17 14:35:02', NULL, NULL);

-- ----------------------------
-- Table structure for m_mekanik
-- ----------------------------
DROP TABLE IF EXISTS `m_mekanik`;
CREATE TABLE `m_mekanik`  (
  `id` int(34) NOT NULL AUTO_INCREMENT,
  `nama_mekanik` varchar(255) CHARACTER SET utf8mb4 COLLATE utf8mb4_general_ci NULL DEFAULT NULL,
  `alamat` text CHARACTER SET utf8mb4 COLLATE utf8mb4_general_ci NULL,
  `no_telp` varchar(100) CHARACTER SET utf8mb4 COLLATE utf8mb4_general_ci NULL DEFAULT NULL,
  `jenis_kelamin` varchar(30) CHARACTER SET utf8mb4 COLLATE utf8mb4_general_ci NULL DEFAULT NULL,
  `email` varchar(100) CHARACTER SET utf8mb4 COLLATE utf8mb4_general_ci NULL DEFAULT NULL,
  `created_at` datetime(0) NULL DEFAULT NULL,
  `updated_at` datetime(0) NULL DEFAULT NULL,
  `deleted_at` datetime(0) NULL DEFAULT NULL,
  `img_foto` varchar(500) CHARACTER SET utf8mb4 COLLATE utf8mb4_general_ci NULL DEFAULT NULL,
  PRIMARY KEY (`id`) USING BTREE
) ENGINE = InnoDB AUTO_INCREMENT = 2 CHARACTER SET = utf8mb4 COLLATE = utf8mb4_general_ci ROW_FORMAT = DYNAMIC;

-- ----------------------------
-- Records of m_mekanik
-- ----------------------------
INSERT INTO `m_mekanik` VALUES (1, 'Abdul Somad', 'Jl. Raya Banyuurip Surabaya tes tes', '08523752366', 'L', 'abdul@gmail.com', '2021-06-13 20:00:12', '2021-06-14 20:15:22', NULL, NULL);

-- ----------------------------
-- Table structure for m_menu
-- ----------------------------
DROP TABLE IF EXISTS `m_menu`;
CREATE TABLE `m_menu`  (
  `id` int(11) NOT NULL,
  `id_parent` int(11) NOT NULL,
  `nama` varchar(255) CHARACTER SET latin1 COLLATE latin1_swedish_ci NULL DEFAULT NULL,
  `judul` varchar(255) CHARACTER SET latin1 COLLATE latin1_swedish_ci NULL DEFAULT NULL,
  `link` varchar(255) CHARACTER SET latin1 COLLATE latin1_swedish_ci NULL DEFAULT NULL,
  `icon` varchar(255) CHARACTER SET latin1 COLLATE latin1_swedish_ci NULL DEFAULT NULL,
  `aktif` int(1) NULL DEFAULT NULL,
  `tingkat` int(11) NULL DEFAULT NULL,
  `urutan` int(11) NULL DEFAULT NULL,
  `add_button` int(1) NULL DEFAULT NULL,
  `edit_button` int(1) NULL DEFAULT NULL,
  `delete_button` int(1) NULL DEFAULT NULL,
  PRIMARY KEY (`id`) USING BTREE
) ENGINE = InnoDB CHARACTER SET = latin1 COLLATE = latin1_swedish_ci ROW_FORMAT = COMPACT;

-- ----------------------------
-- Records of m_menu
-- ----------------------------
INSERT INTO `m_menu` VALUES (1, 0, 'Dashboard', 'Dashboard', 'home', 'flaticon2-architecture-and-city', 1, 1, 1, 0, 0, 0);
INSERT INTO `m_menu` VALUES (2, 0, 'Setting (Administrator)', 'Setting', NULL, 'flaticon2-gear', 1, 1, 5, 0, 0, 0);
INSERT INTO `m_menu` VALUES (3, 2, 'Setting Menu', 'Setting Menu', 'set_menu', 'flaticon-grid-menu', 1, 2, 2, 1, 1, 1);
INSERT INTO `m_menu` VALUES (4, 2, 'Setting Role', 'Setting Role', 'set_role', 'flaticon-network', 1, 2, 1, 1, 1, 1);
INSERT INTO `m_menu` VALUES (6, 0, 'Master', 'Master', '', 'flaticon-folder-1', 1, 1, 2, 0, 0, 0);
INSERT INTO `m_menu` VALUES (7, 6, 'Data User', 'Data User', 'master_user', 'flaticon-users', 1, 2, 1, 1, 1, 1);
INSERT INTO `m_menu` VALUES (8, 0, 'Transaksi', 'Transaksi', '', 'flaticon2-shopping-cart', 1, 1, 3, 0, 0, 0);
INSERT INTO `m_menu` VALUES (9, 8, 'Penjualan', 'Penjualan', 'penjualan', 'flaticon2-shopping-cart-1', 1, 2, 1, 1, 1, 1);
INSERT INTO `m_menu` VALUES (10, 6, 'Jenis Transaksi', 'Jenis Transaksi', 'master_jenis_trans', 'flaticon-folder-1', 0, 2, 1, 1, 1, 1);
INSERT INTO `m_menu` VALUES (11, 6, 'Item Transaksi', 'Item Transaksi', 'master_item_trans', 'flaticon-folder-1', 1, 2, 3, 1, 1, 1);
INSERT INTO `m_menu` VALUES (12, 6, 'Profil', 'Master Profil', 'master_profil', 'flaticon-profile', 1, 2, 5, 1, 1, 1);
INSERT INTO `m_menu` VALUES (13, 6, 'Data Member', 'Data Member', 'master_member', 'flaticon-cards', 1, 2, 6, 1, 1, 1);
INSERT INTO `m_menu` VALUES (14, 0, 'Keluhan Masuk', 'Keluhan Masuk', 'kendaraan', 'flaticon2-download', 1, 1, 4, 0, 0, 0);
INSERT INTO `m_menu` VALUES (15, 14, 'Tambah Kendaraan dan Keluhan', 'Tambah Kendaraan dan Keluhan', 'kendaraan', 'flaticon2-plus', 1, 2, 1, 1, 1, 1);
INSERT INTO `m_menu` VALUES (16, 6, 'Data Merek Mobil', 'Data Merek Mobil', 'master_merek', 'flaticon-file-2', 1, 2, 6, 1, 1, 1);
INSERT INTO `m_menu` VALUES (17, 6, 'Data Mekanik', 'Data Mekanik', 'master_mekanik', 'flaticon-users-1', 1, 2, 7, 1, 1, 1);
INSERT INTO `m_menu` VALUES (18, 14, 'List Kendaraan Masuk', 'List Kendaraan Masuk', 'kendaraan/view_kendaraan', 'flaticon-list', 1, 2, 2, 1, 1, 1);
INSERT INTO `m_menu` VALUES (19, 6, 'Data Barang', 'Data Barang', 'master_barang', 'flaticon-price-tag', 1, 2, 8, 1, 1, 1);
INSERT INTO `m_menu` VALUES (20, 14, 'List Kendaraan Selesai', 'List Kendaraan Selesai', 'kendaraan/view_kendaraan_selesai', 'flaticon-interface-5', 1, 2, 3, 1, 1, 1);
INSERT INTO `m_menu` VALUES (21, 6, 'Data Pekerjaan (WO)', 'Data Pekerjaan (WO)', 'master_pekerjaan', 'flaticon-list', 1, 2, 9, 1, 1, 1);

-- ----------------------------
-- Table structure for m_merek
-- ----------------------------
DROP TABLE IF EXISTS `m_merek`;
CREATE TABLE `m_merek`  (
  `id` int(32) NOT NULL AUTO_INCREMENT,
  `nama_merek` varchar(100) CHARACTER SET utf8mb4 COLLATE utf8mb4_general_ci NULL DEFAULT NULL,
  `chasis` varchar(100) CHARACTER SET utf8mb4 COLLATE utf8mb4_general_ci NULL DEFAULT NULL,
  `created_at` datetime(0) NULL DEFAULT NULL,
  `updated_at` datetime(0) NULL DEFAULT NULL,
  `deleted_at` datetime(0) NULL DEFAULT NULL,
  PRIMARY KEY (`id`) USING BTREE
) ENGINE = InnoDB AUTO_INCREMENT = 5 CHARACTER SET = utf8mb4 COLLATE = utf8mb4_general_ci ROW_FORMAT = DYNAMIC;

-- ----------------------------
-- Records of m_merek
-- ----------------------------
INSERT INTO `m_merek` VALUES (1, 'Toyota', 'Jepang', '2021-06-13 18:43:48', '2021-06-13 18:54:49', NULL);
INSERT INTO `m_merek` VALUES (2, 'Mitsubishi', 'Jepang', '2021-06-13 18:46:12', NULL, NULL);
INSERT INTO `m_merek` VALUES (3, 'Honda', 'Jepang', '2021-06-13 19:29:08', NULL, NULL);
INSERT INTO `m_merek` VALUES (4, 'BMW', 'India', '2021-08-17 14:28:55', '2021-08-17 14:33:49', NULL);

-- ----------------------------
-- Table structure for m_pekerjaan
-- ----------------------------
DROP TABLE IF EXISTS `m_pekerjaan`;
CREATE TABLE `m_pekerjaan`  (
  `id` int(32) NOT NULL AUTO_INCREMENT,
  `type_wo` varchar(255) CHARACTER SET utf8mb4 COLLATE utf8mb4_general_ci NULL DEFAULT NULL,
  `nama_pekerjaan` varchar(500) CHARACTER SET utf8mb4 COLLATE utf8mb4_general_ci NULL DEFAULT NULL,
  `created_at` datetime(0) NULL DEFAULT NULL,
  `updated_at` datetime(0) NULL DEFAULT NULL,
  `deleted_at` datetime(0) NULL DEFAULT NULL,
  PRIMARY KEY (`id`) USING BTREE
) ENGINE = InnoDB AUTO_INCREMENT = 202 CHARACTER SET = utf8mb4 COLLATE = utf8mb4_general_ci ROW_FORMAT = DYNAMIC;

-- ----------------------------
-- Records of m_pekerjaan
-- ----------------------------
INSERT INTO `m_pekerjaan` VALUES (1, 'ISP ', 'PERIKSA ROLLER SUN BLIND PINTU BELAKANG KIRI TIDAK BISA NUTUP RAPAT', NULL, NULL, NULL);
INSERT INTO `m_pekerjaan` VALUES (2, 'ISP ', 'PERIKSA STOWAGE COMPARTEMENT DIBUKA TUTUP BUNYI', NULL, NULL, NULL);
INSERT INTO `m_pekerjaan` VALUES (3, 'ISP ', 'ENGINE TUNE UP MESIN NGELITIK ( NOTE BBM PERTAMAX TURBO )', NULL, NULL, NULL);
INSERT INTO `m_pekerjaan` VALUES (4, 'ISP ', 'PERIKSA / PERBAIKI WIPER BUNYI / KURANG BERSIH', NULL, NULL, NULL);
INSERT INTO `m_pekerjaan` VALUES (5, 'ISP ', 'PERIKSA / PERBAIKI BUNYI2 BAG BELAKANG SAAT MELEWATI JALAN GUNDUKAN DUK2', NULL, NULL, NULL);
INSERT INTO `m_pekerjaan` VALUES (6, 'ISP ', 'PERIKSA / PERBAIKI ADA BUNYI2 BAG DEPAN SAAT LEWAT JALAN POSISI TIDUR ( GREK2 )', NULL, NULL, NULL);
INSERT INTO `m_pekerjaan` VALUES (7, 'ISP ', 'PERIKSA KONDISI DAN KAPASITAS BATTERY, MESIN TIDAK BISA DISTARTER', NULL, NULL, NULL);
INSERT INTO `m_pekerjaan` VALUES (8, 'ISP ', 'KIRIM MEKANIK KE JL UNTUNG SUROPATI 29 SURABAYA DAN TOWING KENDARAAN', NULL, NULL, NULL);
INSERT INTO `m_pekerjaan` VALUES (9, 'ISP ', 'SERVICE B WITH PLUS PACKAGE OIL CHANGE + FILTER ( CODE 606 )', NULL, NULL, NULL);
INSERT INTO `m_pekerjaan` VALUES (10, 'R ', 'GANTI REGULATOR POWER WINDOW PINTU DEPAN KANAN + RIVET', NULL, NULL, NULL);
INSERT INTO `m_pekerjaan` VALUES (11, 'FOC ', 'VEHICLE SURFACE WASH PERFORM', NULL, NULL, NULL);
INSERT INTO `m_pekerjaan` VALUES (12, 'R ', 'PERIKSA AC SYSTEM TIDAK DINGIN, TEST KEBOCORAN, TEKANAN DAN KAPASITAS FREON ( NOTE HARUS GANTI COMPRESSOR AC, EXPANSI VALVE, BOTOLAN AC ( DRIER ), SEAL-SEAL DAN CONDENSOR AC )', NULL, NULL, NULL);
INSERT INTO `m_pekerjaan` VALUES (13, 'FOC ', 'VEHICLE SURFACE WASH PERFORM', NULL, NULL, NULL);
INSERT INTO `m_pekerjaan` VALUES (14, 'R ', 'PERIKSA / PERBAIKI CENTRAL LOCK DEPAN KANAN TIDAK FUNGSI / MACET, CHECK SYSTEM ELECTRIC DAN SYSTEM PNEUMATIC VACUM, GANTI VACUM CENTRAL LOCK PINTU DEPAN RH + ROOD, RESET DENGAN STARDIAGNOSIS', NULL, NULL, NULL);
INSERT INTO `m_pekerjaan` VALUES (15, 'FOC ', 'VEHICLE SURFACE WASH PERFORM', NULL, NULL, NULL);
INSERT INTO `m_pekerjaan` VALUES (16, 'ISP ', 'SERVICE A WITH PLUS PACKAGE OIL CHANGE + FILTER ( CODE 505 )', NULL, NULL, NULL);
INSERT INTO `m_pekerjaan` VALUES (17, 'R ', 'GANTI LIST CHROOME BUMPER DEPAN KANAN', NULL, NULL, NULL);
INSERT INTO `m_pekerjaan` VALUES (18, 'FOC ', 'VEHICLE SURFACE WASH PERFORM', NULL, NULL, NULL);
INSERT INTO `m_pekerjaan` VALUES (19, 'FOC ', 'VEHICLE SURFACE WASH PERFORM', NULL, NULL, NULL);
INSERT INTO `m_pekerjaan` VALUES (20, 'R ', 'CAT SPAKBOARD BELAKANG RH', NULL, NULL, NULL);
INSERT INTO `m_pekerjaan` VALUES (21, 'ISP ', 'PERIKSA / PERBAIKI LAMP DEPAN KANAN + KIRI NGEMBUN SAAT HUJAN', NULL, NULL, NULL);
INSERT INTO `m_pekerjaan` VALUES (22, 'ISP ', 'SERVICE REPLACE COMBINATION FILTER', NULL, NULL, NULL);
INSERT INTO `m_pekerjaan` VALUES (23, 'ISP ', 'REPLACE BRAKE FLUID', NULL, NULL, NULL);
INSERT INTO `m_pekerjaan` VALUES (24, 'ISP ', 'SERVICE A1 WITH PLUS PACKAGE LUBRICATION ENGINE OIL AND FILTER CHANGE ( CODE D0D )', NULL, NULL, NULL);
INSERT INTO `m_pekerjaan` VALUES (25, 'R ', 'PERIKSA DAN PERBAIKI SUARA MESIN KASAR / LUMASI V.BELT', NULL, NULL, NULL);
INSERT INTO `m_pekerjaan` VALUES (26, 'FOC ', 'VEHICLE SURFACE WASH PERFORM', NULL, NULL, NULL);
INSERT INTO `m_pekerjaan` VALUES (27, 'R ', 'PERBAIKI AC SYSTEM ANGIN UDARA AC KELUARNYA PELAN / GANTI FILTER BLOWER AC', NULL, NULL, NULL);
INSERT INTO `m_pekerjaan` VALUES (28, 'R ', 'PERBAIKI ELEKTRIK SYSTEM, MESIN TIDAK BISA DI STARTER ( KUNCI TIDAK BISA DICABUT ), SHORT TEST CHECK ELECTRICAL SYSTEM / GANTI STEERING LOCK + EIS + RESET DENGAN STARDIAGNOSIS', NULL, NULL, NULL);
INSERT INTO `m_pekerjaan` VALUES (29, 'FOC ', 'GANTI OLI MESIN + FILTER ( M.B.OIL )', NULL, NULL, NULL);
INSERT INTO `m_pekerjaan` VALUES (30, 'ISP ', 'PERIKSA / PERBAIKI LAMP DEPAN KANAN DAY LIGHT MATI DAN LAMP DEPAN KIRI MATI ( LAMP BESAR )', NULL, NULL, NULL);
INSERT INTO `m_pekerjaan` VALUES (31, 'ISP ', 'SERVICE REPLACE DUST FILTER, PERFORM', NULL, NULL, NULL);
INSERT INTO `m_pekerjaan` VALUES (32, 'ISP ', 'SERVICE A WITH PLUS PACKAGE OIL CHANGE + FILTER ( CODE 505 )', NULL, NULL, NULL);
INSERT INTO `m_pekerjaan` VALUES (33, 'FOC ', 'GANTI COVER BANGKU DEPAN KANAN BAG LUAR ( PART BAWA SENDIRI ) LANJUTAN WO: 1594, INVOICE: 1333 - 30/11/2017', NULL, NULL, NULL);
INSERT INTO `m_pekerjaan` VALUES (34, 'R ', 'GANTI INSTRUMENT CLUSTER ( ANGKA SPEEDO METER TIDAK NYALA )', NULL, NULL, NULL);
INSERT INTO `m_pekerjaan` VALUES (35, 'FOC ', 'VEHICLE SURFACE WASH PERFORM', NULL, NULL, NULL);
INSERT INTO `m_pekerjaan` VALUES (36, 'R ', 'CAT BUMPER DEPAN, BUMPER BELAKANG, SPAKBOARD DEPAN LH, PINTU DEPAN LH, PINTU BELAKANG LH, COVER TRIPLANG RH, COVER TRIPLANG LH, KAP BAGASI , SPAKBOARD BELAKANG ( QUARTER PANEL ) RH, SPAKBOARD BELAKANG ( QUARTER PANEL ) LH', NULL, NULL, NULL);
INSERT INTO `m_pekerjaan` VALUES (37, 'ISP ', 'PERIKSA / PERBAIKI INDIKATOR AUXILIARY BATTERY NYALA', NULL, NULL, NULL);
INSERT INTO `m_pekerjaan` VALUES (38, 'ISP ', 'SERVICE B. REPLACE BRAKE FLUID', NULL, NULL, NULL);
INSERT INTO `m_pekerjaan` VALUES (39, 'ISP ', 'SERVICE B1 WITH PLUS PACKAGE LUBRICATION ENGINE OIL AND FILTER CHANGE ( CODE E0E )', NULL, NULL, NULL);
INSERT INTO `m_pekerjaan` VALUES (40, 'I6 ', 'PERIKSA DAN PERBAIKI CENTRAL LOCK TIDAK FUNGSI DAN KAP BAGASI TIDAK BISA DI BUKA ( EX GANTI AIR PUMP TGL 5-10-2017 KM: 22625 )', NULL, NULL, NULL);
INSERT INTO `m_pekerjaan` VALUES (41, 'FOC ', 'SERVICE B WITH PLUS PACKAGE LUBRICATION ENGINE OIL AND FILTER CHANGE ( CODE 606 )', NULL, NULL, NULL);
INSERT INTO `m_pekerjaan` VALUES (42, 'FOC ', 'VEHICLE SURFACE WASH PERFORM', NULL, NULL, NULL);
INSERT INTO `m_pekerjaan` VALUES (43, 'ISP ', 'SERVICE B. REPLACE BRAKE FLUID', NULL, NULL, NULL);
INSERT INTO `m_pekerjaan` VALUES (44, 'ISP ', 'SERVICE REPLACE DUST FILTER, PERFORM', NULL, NULL, NULL);
INSERT INTO `m_pekerjaan` VALUES (45, 'ISP ', 'SERVICE B1 WITH PLUS PACKAGE OIL CHANGE + FILTER ( CODE E0E )', NULL, NULL, NULL);
INSERT INTO `m_pekerjaan` VALUES (46, 'ISP ', 'PERIKSA DAN PERBAIKI BODY BAGIAN DALAM BUNYI SAAT LEWAT JALAN TIDAK RATA KECEPATAN 20KM/JM', NULL, NULL, NULL);
INSERT INTO `m_pekerjaan` VALUES (47, 'ISP ', 'SERVICE B. REPLACE BRAKE FLUID', NULL, NULL, NULL);
INSERT INTO `m_pekerjaan` VALUES (48, 'ISP ', 'SERVICE B1 WITH PLUS PACKAGE ( GANTI OLI MESIN + FILTER, M.B.OIL ) ( CODE E0E )', NULL, NULL, NULL);
INSERT INTO `m_pekerjaan` VALUES (49, 'ISP ', 'PERIKSA DAN PERBAIKI INDIKATOR BATTERY STOP VIHICLE SHIPT TO P LEAVE ENGINE RUNNING NYALA', NULL, NULL, NULL);
INSERT INTO `m_pekerjaan` VALUES (50, 'R ', 'REPLACE BRAKE FLUID', NULL, NULL, NULL);
INSERT INTO `m_pekerjaan` VALUES (51, 'FOC ', 'VEHICLE SURFACE WASH PERFORM', NULL, NULL, NULL);
INSERT INTO `m_pekerjaan` VALUES (52, 'FOC ', 'SERVICE B WITH OIL CHANGE + FILTER ( CODE V0V )', NULL, NULL, NULL);
INSERT INTO `m_pekerjaan` VALUES (53, 'R ', 'GANTI ROLLER BLIND LACI TENGAH', NULL, NULL, NULL);
INSERT INTO `m_pekerjaan` VALUES (54, 'FOC ', 'VEHICLE SURFACE WASH PERFORM', NULL, NULL, NULL);
INSERT INTO `m_pekerjaan` VALUES (55, 'ISP ', 'SERVICE B WITH PLUS PACKAGE OIL CHANGE + FILTER ( CODE 606 )', NULL, NULL, NULL);
INSERT INTO `m_pekerjaan` VALUES (56, 'R ', 'GANTI SLANG BOOSTER REM', NULL, NULL, NULL);
INSERT INTO `m_pekerjaan` VALUES (57, 'FOC ', 'VEHICLE SURFACE WASH PERFORM', NULL, NULL, NULL);
INSERT INTO `m_pekerjaan` VALUES (58, 'R ', 'GANTI EXTRA PULLY DAN BELT TENSIONER', NULL, NULL, NULL);
INSERT INTO `m_pekerjaan` VALUES (59, 'ISP ', 'CHECK ONDERSTEL DEPAN + BLK BUNYI, BILA LEWAT GUNDUKAN KECEPATAN 10KM/JM', NULL, NULL, NULL);
INSERT INTO `m_pekerjaan` VALUES (60, 'ISP ', 'PERIKSA KAMPAS REM, REM KURANG PAKEM DAN BUNYI', NULL, NULL, NULL);
INSERT INTO `m_pekerjaan` VALUES (61, 'R ', 'BUAT ESTIMASI HARGA PART ( KACA BELAKANG )', NULL, NULL, NULL);
INSERT INTO `m_pekerjaan` VALUES (62, 'R ', 'BUAT ESTIMASI PENGGANTIAN KACA DEPAN PECAH', NULL, NULL, NULL);
INSERT INTO `m_pekerjaan` VALUES (63, 'FOC ', 'VEHICLE SURFACE WASH PERFORM', NULL, NULL, NULL);
INSERT INTO `m_pekerjaan` VALUES (64, 'R ', 'PERBAIKI KUNCI PINTU DEPAN KIRI TIDAK BISA NGUNCI / CHECK SYSTEM ELECTRIC GANTI BATTERY REMOTE', NULL, NULL, NULL);
INSERT INTO `m_pekerjaan` VALUES (65, 'FOC ', 'VEHICLE SURFACE WASH PERFORM', NULL, NULL, NULL);
INSERT INTO `m_pekerjaan` VALUES (66, 'R ', 'PERIKSA KANVAS REM, INDIKATOR CHECK BRAKE PAD WEAR NYALA / GANTI KANVAS REM DEPAN, KANVAS REM BELAKANG + KABEL INDICATOR', NULL, NULL, NULL);
INSERT INTO `m_pekerjaan` VALUES (67, 'R ', 'CLEAN LUBRICATE PANORAMIC SLIDING SUN ROOF MECHANICAL COMPONENTS', NULL, NULL, NULL);
INSERT INTO `m_pekerjaan` VALUES (68, 'FOC ', 'GANTI OLI MESIN + FILTER M.B.OIL ( CODE 860E )', NULL, NULL, NULL);
INSERT INTO `m_pekerjaan` VALUES (69, 'ISP ', 'SERVICE REPLACE DUST FILTER, PERFORM', NULL, NULL, NULL);
INSERT INTO `m_pekerjaan` VALUES (70, 'ISP ', 'SERVICE A WITH PLUS PACKAGE ( GANTI OLI MESIN + FILTER, M.B.OIL ( CODE 505 )', NULL, NULL, NULL);
INSERT INTO `m_pekerjaan` VALUES (71, 'ISP ', 'PERIKSA WIPER BLADE TIDAK BERSIH', NULL, NULL, NULL);
INSERT INTO `m_pekerjaan` VALUES (72, 'ISP ', 'PERIKSA REM BUNYI BERDERIT', NULL, NULL, NULL);
INSERT INTO `m_pekerjaan` VALUES (73, 'ISP ', 'PERIKSA SEMUA PINTU BUNYI KRIET-KRIET BILA LEWAT JALAN TIDAK RATA KECEPATAN 20KM/JM', NULL, NULL, NULL);
INSERT INTO `m_pekerjaan` VALUES (74, 'ISP ', 'PERIKSA STEL PINTU DEPAN KIRI, KALAU DITUTUP KERAS / TIDAK RAPAT', NULL, NULL, NULL);
INSERT INTO `m_pekerjaan` VALUES (75, 'ISP ', 'SERVICE B. REPLACE BRAKE FLUID', NULL, NULL, NULL);
INSERT INTO `m_pekerjaan` VALUES (76, 'ISP ', 'SERVICE REPLACE DUST FILTER, PERFORM', NULL, NULL, NULL);
INSERT INTO `m_pekerjaan` VALUES (77, 'ISP ', 'SERVICE B1 WITH PLUS PACKAGE OIL CHANGE + FILTER ( CODE E0E )', NULL, NULL, NULL);
INSERT INTO `m_pekerjaan` VALUES (78, 'R ', 'GANTI KACA DEPAN', NULL, NULL, NULL);
INSERT INTO `m_pekerjaan` VALUES (79, 'FOC ', 'SERVICE F WITH OIL CHANGE + FILTER ( CODE 1Q0MEI )', NULL, NULL, NULL);
INSERT INTO `m_pekerjaan` VALUES (80, 'FOC ', 'VEHICLE SURFACE WASH PERFORM', NULL, NULL, NULL);
INSERT INTO `m_pekerjaan` VALUES (81, 'FOC ', 'SERVICE B ASSYST LUBRICATION ENGINE OIL AND FILTER CHANGE', NULL, NULL, NULL);
INSERT INTO `m_pekerjaan` VALUES (82, 'R ', 'STEL MESIN, SAAT JALAN NYENDAT-NYENDAT, SHORT TEST CHECK SYSTEM ELECTRIC, GANTI COIL, 2 COP BUSI, BUSI, FILTER UDARA', NULL, NULL, NULL);
INSERT INTO `m_pekerjaan` VALUES (83, 'FOC ', 'VEHICLE SURFACE WASH PERFORM', NULL, NULL, NULL);
INSERT INTO `m_pekerjaan` VALUES (84, 'ISP ', 'PERIKSA INDICATOR AUXILIARY BATTERY NYALA', NULL, NULL, NULL);
INSERT INTO `m_pekerjaan` VALUES (85, 'R ', 'SERVICE B. REPLACE BRAKE FLUID', NULL, NULL, NULL);
INSERT INTO `m_pekerjaan` VALUES (86, 'FOC ', 'VEHICLE SURFACE WASH PERFORM', NULL, NULL, NULL);
INSERT INTO `m_pekerjaan` VALUES (87, 'FOC ', 'SERVICE B5 WITH PLUS PACKAGE ( CODE 3E0H )', NULL, NULL, NULL);
INSERT INTO `m_pekerjaan` VALUES (88, 'R ', 'BUAT ESTIMASI PENGGANTIAN AUXILIARRY BATTERY', NULL, NULL, NULL);
INSERT INTO `m_pekerjaan` VALUES (89, 'FOC ', 'PEMBALIAN SPARE PARTS : ( 1 PC GRILLE FOG LAMP LH DAN 1 PC CROOM FOG LAMP LH )', NULL, NULL, NULL);
INSERT INTO `m_pekerjaan` VALUES (90, 'R ', 'GESEK NO RANGKA DAN MESIN DI KERTAS BIASA 3X', NULL, NULL, NULL);
INSERT INTO `m_pekerjaan` VALUES (91, 'FOC ', 'VEHICLE SURFACE WASH PERFORM', NULL, NULL, NULL);
INSERT INTO `m_pekerjaan` VALUES (92, 'ISP ', 'PERIKSA / PERBAIKI WIPER BLADE BUNYI / KURANG BERSIH', NULL, NULL, NULL);
INSERT INTO `m_pekerjaan` VALUES (93, 'ISP ', 'PERIKSA / PERBAIKI INDIKATOR KEY BATTERY NYALA', NULL, NULL, NULL);
INSERT INTO `m_pekerjaan` VALUES (94, 'ISP ', 'SERVICE REPLACE DUST FILTER, PERFORM', NULL, NULL, NULL);
INSERT INTO `m_pekerjaan` VALUES (95, 'ISP ', 'SERVICE A WITH PLUS PACKAGE LUBRICATION ENGINE OIL AND FILTER CHANGE ( CODE 505 )', NULL, NULL, NULL);
INSERT INTO `m_pekerjaan` VALUES (96, 'ISP ', 'BATTERY TEST', NULL, NULL, NULL);
INSERT INTO `m_pekerjaan` VALUES (97, 'ISP ', 'SHORT TEST, PERFORM', NULL, NULL, NULL);
INSERT INTO `m_pekerjaan` VALUES (98, 'ISP ', 'P.D.I', NULL, NULL, NULL);
INSERT INTO `m_pekerjaan` VALUES (99, 'R ', 'PERIKSA AIR WIPER TIDAK KELUAR / GANTI MOTOR POMPA WIPER LAMPU, MOTOR POMPA WIPER KACA + SEAL-SEAL', NULL, NULL, NULL);
INSERT INTO `m_pekerjaan` VALUES (100, 'FOC ', 'VEHICLE SURFACE WASH PERFORM', NULL, NULL, NULL);
INSERT INTO `m_pekerjaan` VALUES (101, 'R ', 'BELI SPARE PART WIPER BLADE 1 PC', NULL, NULL, NULL);
INSERT INTO `m_pekerjaan` VALUES (102, 'R ', 'BUAT ESTIMASI EX EXSIDENT SPAKBOARD DEPAN KIRI + PINTU DEPAN KIRI TRIPLANG', NULL, NULL, NULL);
INSERT INTO `m_pekerjaan` VALUES (103, 'FOC ', 'SERVICE A WITH OIL CHANGE + FILTER ( CODE 505 )', NULL, NULL, NULL);
INSERT INTO `m_pekerjaan` VALUES (104, 'FOC ', 'VEHICLE SURFACE WASH PERFORM', NULL, NULL, NULL);
INSERT INTO `m_pekerjaan` VALUES (105, 'ISP ', 'PERIKSA DAN PERBAIKI AC SYSTEM, ANGIN AC KELUARNYA PELAN', NULL, NULL, NULL);
INSERT INTO `m_pekerjaan` VALUES (106, 'ISP ', 'REPLACE BRAKE FLUID', NULL, NULL, NULL);
INSERT INTO `m_pekerjaan` VALUES (107, 'ISP ', 'SERVICE A1 WITH PLUS PACKAGE ( GANTI OLI MESIN + FILTER M.B.OIL ) ( CODE D0D )', NULL, NULL, NULL);
INSERT INTO `m_pekerjaan` VALUES (108, 'ISP ', 'PERIKSA DAN STEL MESIN, MESIN STASIONER PINCANG', NULL, NULL, NULL);
INSERT INTO `m_pekerjaan` VALUES (109, 'ISP ', 'PERIKSA DAN PERBAIKI ONDERSTEL DEPAN DAN BELAKANG BUNYI SAAT MELEWATI JALAN TIDAK RATA KECEPATAN 30KM/JM', NULL, NULL, NULL);
INSERT INTO `m_pekerjaan` VALUES (110, 'ISP ', 'PERIKSA / PERBAIKI INDIKATOR FRONT RIGHT + RIGHT DAY TIME DRIVING LAMP + FRONT RIGHT PARKING LAMP NYALA', NULL, NULL, NULL);
INSERT INTO `m_pekerjaan` VALUES (111, 'FOC ', 'GANTI BAN DEPAN 2 PCS PIRELLI P.ZERO RTF 245/40 R20', NULL, NULL, NULL);
INSERT INTO `m_pekerjaan` VALUES (112, 'FOC ', 'GANTI BAN BELAKANG 2 PCS PIRELLI P.ZERO RTF 275/35 R20', NULL, NULL, NULL);
INSERT INTO `m_pekerjaan` VALUES (113, 'FOC ', 'SERVICE B WITH OIL CHANGE + FILTER ( CODE 606 )', NULL, NULL, NULL);
INSERT INTO `m_pekerjaan` VALUES (114, 'FOC ', 'VEHICLE SURFACE WASH PERFORM', NULL, NULL, NULL);
INSERT INTO `m_pekerjaan` VALUES (115, 'ISP ', 'PERBAIKI SKEP UDARA AC BILA AC DINYALAKAN / DI MATIKAN BUNYI', NULL, NULL, NULL);
INSERT INTO `m_pekerjaan` VALUES (116, 'ISP ', 'PERIKSA DAN PERBAIKI STEERING SYSTEM BILA STEER DIPUTAR KANAN / KIRI BUNYI', NULL, NULL, NULL);
INSERT INTO `m_pekerjaan` VALUES (117, 'R ', 'PERIKSA INDICATOR ESP,ABS NYALA, SHORT TEST, CHECK SYSTEM ELECTRIC ESP/ABS , GANTI SPEED SENSOR DEPAN LH / RH', NULL, NULL, NULL);
INSERT INTO `m_pekerjaan` VALUES (118, 'FOC ', 'VEHICLE SURFACE WASH PERFORM', NULL, NULL, NULL);
INSERT INTO `m_pekerjaan` VALUES (119, 'ISP ', 'PERIKSA DAN PERBAIKI COVER LOUDSPEAKER PADA PINTU DEPAN ATAS KARATAN ( KIRI )', NULL, NULL, NULL);
INSERT INTO `m_pekerjaan` VALUES (120, 'ISP ', 'PERBAIKI COVER LACI PADA CONSUL TIDAK BISA DITUTUP ( MACET )', NULL, NULL, NULL);
INSERT INTO `m_pekerjaan` VALUES (121, 'FOC ', 'SERVICE E WITH OIL CHANGE + FILTER ( CODE 19W081 )', NULL, NULL, NULL);
INSERT INTO `m_pekerjaan` VALUES (122, 'FOC ', 'VEHICLE SURFACE WASH PERFORM', NULL, NULL, NULL);
INSERT INTO `m_pekerjaan` VALUES (123, 'R ', 'BERSIHKAN FILTER BLOWER AC < BERSIHKAN FILTER BLOWER AC, BONGKAR PASANG DECK >', NULL, NULL, NULL);
INSERT INTO `m_pekerjaan` VALUES (124, 'FOC ', 'VEHICLE SURFACE WASH PERFORM', NULL, NULL, NULL);
INSERT INTO `m_pekerjaan` VALUES (125, 'FOC ', 'SERVICE A0 WITH PLUS PACKAGE LUBRICATION ENGINE OIL CHANGE ( CODE 850D )', NULL, NULL, NULL);
INSERT INTO `m_pekerjaan` VALUES (126, 'R ', 'GANTI PANGKON MESIN LH / RH + PANGKON VERSNELLING', NULL, NULL, NULL);
INSERT INTO `m_pekerjaan` VALUES (127, 'R ', 'PERIKSA / PERBAIKI ADA BUNYI-BUNYI BAG DEPAN SAAT LEWAT JALAN GELOMBANG / POLISI TIDUR ( SAAT BELOK ) KRIET -KRIET / GANTI LINKAGE DEPAN LH / RH, TRUST ARM DEPAN RH + BUSHING TRUST ARM DEPAN RH', NULL, NULL, NULL);
INSERT INTO `m_pekerjaan` VALUES (128, 'FOC ', 'VEHICLE SURFACE WASH PERFORM', NULL, NULL, NULL);
INSERT INTO `m_pekerjaan` VALUES (129, 'R ', 'SERVICE B. REPLACE BRAKE FLUID', NULL, NULL, NULL);
INSERT INTO `m_pekerjaan` VALUES (130, 'FOC ', 'VEHICLE SURFACE WASH PERFORM', NULL, NULL, NULL);
INSERT INTO `m_pekerjaan` VALUES (131, 'FOC ', 'SERVICE B1 WITH OIL CHANGE + FILTER ( CODE E0E )', NULL, NULL, NULL);
INSERT INTO `m_pekerjaan` VALUES (132, 'ISP ', 'PERIKSA WIPER BLADE TIDAK BERSIH DAN BUNYI', NULL, NULL, NULL);
INSERT INTO `m_pekerjaan` VALUES (133, 'FOC ', 'PEMBELIAN SPARE PART BAUT RODA 1 PC', NULL, NULL, NULL);
INSERT INTO `m_pekerjaan` VALUES (134, 'R ', 'GANTI ARM DEPAN BAWAH KIRI - KANAN', NULL, NULL, NULL);
INSERT INTO `m_pekerjaan` VALUES (135, 'FOC ', 'VEHICLE SURFACE WASH PERFORM', NULL, NULL, NULL);
INSERT INTO `m_pekerjaan` VALUES (136, 'R ', 'GANTI FILTER ELEMENT', NULL, NULL, NULL);
INSERT INTO `m_pekerjaan` VALUES (137, 'R ', 'GANTI WIPER BLADE', NULL, NULL, NULL);
INSERT INTO `m_pekerjaan` VALUES (138, 'R ', 'BUAT ESTIMASI GANTI KANVAS REM DEPAN + BELAKANG DAN KABEL INDICATOR', NULL, NULL, NULL);
INSERT INTO `m_pekerjaan` VALUES (139, 'R ', 'PERIKSA INDICATOR ACTIVE LIGHT SYSTEM INOPERATIVE NYALA, SHORT TEST CHECK SYSTEM ELECTRIC GANTI CONTROL UNIT LAMPU LH + RESET DENGAN STARDIAGNOSIS', NULL, NULL, NULL);
INSERT INTO `m_pekerjaan` VALUES (140, 'FOC ', 'VEHICLE SURFACE WASH PERFORM', NULL, NULL, NULL);
INSERT INTO `m_pekerjaan` VALUES (141, 'R ', 'GANTI SPION KECIL RH ( PECAH )', NULL, NULL, NULL);
INSERT INTO `m_pekerjaan` VALUES (142, 'ISP ', 'PERIKSA DAN PERBAIKI LAMPU DEPAN KANAN NGEMBUN / ADA AIR', NULL, NULL, NULL);
INSERT INTO `m_pekerjaan` VALUES (143, 'FOC ', 'SERVICE B1 WITH OIL CHANGE + FILTER ( CODE E0E )', NULL, NULL, NULL);
INSERT INTO `m_pekerjaan` VALUES (144, 'FOC ', 'VEHICLE SURFACE WASH PERFORM', NULL, NULL, NULL);
INSERT INTO `m_pekerjaan` VALUES (145, 'ISP ', 'PERIKSA BATTERY REMOTE INDIKATOR CHANGE KEY BATTERIES NYALA', NULL, NULL, NULL);
INSERT INTO `m_pekerjaan` VALUES (146, 'ISP ', 'SET KACA PINTU DEPAN KANAN TIDAK BISA NAIK SECARA OTOMATIS', NULL, NULL, NULL);
INSERT INTO `m_pekerjaan` VALUES (147, 'ISP ', 'SERVICE B. REPLACE BRAKE FLUID', NULL, NULL, NULL);
INSERT INTO `m_pekerjaan` VALUES (148, 'ISP ', 'SERVICE REPLACE DUST FILTER, PERFORM', NULL, NULL, NULL);
INSERT INTO `m_pekerjaan` VALUES (149, 'ISP ', 'SERVICE B WITH PLUS PACKAGE ( GANTI OLI MESIN + FILTER M.B.OIL ) ( CODE E0E )', NULL, NULL, NULL);
INSERT INTO `m_pekerjaan` VALUES (150, 'R ', 'KIRIM MEKANIK KE JL IMAM BONJOL 25 MOBIL TIDAK KUAT UNTUK STARTER', NULL, NULL, NULL);
INSERT INTO `m_pekerjaan` VALUES (151, 'FOC ', 'VEHICLE SURFACE WASH PERFORM', NULL, NULL, NULL);
INSERT INTO `m_pekerjaan` VALUES (152, 'R ', 'CHECK KONDISI ACCU, TEST PENGISIAN ALTERNATOR, GANTI ACCU ( LOCAL ) + RESET DENGAN STARDIAGNOSIS', NULL, NULL, NULL);
INSERT INTO `m_pekerjaan` VALUES (153, 'FOC ', 'GANTI OLI MESIN + FILTER', NULL, NULL, NULL);
INSERT INTO `m_pekerjaan` VALUES (154, 'R ', 'GANTI TABUNG AIR WIPER + SEAL - SEAL ( BOCOR )', NULL, NULL, NULL);
INSERT INTO `m_pekerjaan` VALUES (155, 'R ', 'BERSIHKAN FILTER BLOWER AC', NULL, NULL, NULL);
INSERT INTO `m_pekerjaan` VALUES (156, 'R ', 'GANTI KACA DEPAN', NULL, NULL, NULL);
INSERT INTO `m_pekerjaan` VALUES (157, 'I6 ', 'PERIKSA DAN PERBAIKI AIR RADIATOR SELALU HABIS ( EX GANTI WATER PUMP TGL 9-1-2018 KM: 16675 WIP: 36419 )', NULL, NULL, NULL);
INSERT INTO `m_pekerjaan` VALUES (158, 'FOC ', 'VEHICLE SURFACE WASH PERFORM', NULL, NULL, NULL);
INSERT INTO `m_pekerjaan` VALUES (159, 'R ', 'GANTI POMPA AIR WIPER', NULL, NULL, NULL);
INSERT INTO `m_pekerjaan` VALUES (160, 'R ', 'GANTI TRUST ARM DEPAN LH / RH', NULL, NULL, NULL);
INSERT INTO `m_pekerjaan` VALUES (161, 'FOC ', 'VEHICLE SURFACE WASH PERFORM', NULL, NULL, NULL);
INSERT INTO `m_pekerjaan` VALUES (162, 'R ', 'GANTI FILTER UDARA', NULL, NULL, NULL);
INSERT INTO `m_pekerjaan` VALUES (163, 'R ', 'GANTI FILTER BLOWER AC', NULL, NULL, NULL);
INSERT INTO `m_pekerjaan` VALUES (164, 'R ', 'GANTI SEAL CALTER MATIC', NULL, NULL, NULL);
INSERT INTO `m_pekerjaan` VALUES (165, 'R ', 'GANTI BRAKE HOSE REAR / SLANG REM BELAKANG LH / RH', NULL, NULL, NULL);
INSERT INTO `m_pekerjaan` VALUES (166, 'R ', 'GANTI KARET COVER KLEP LH / RH', NULL, NULL, NULL);
INSERT INTO `m_pekerjaan` VALUES (167, 'R ', 'GANTI TUTUP OLI', NULL, NULL, NULL);
INSERT INTO `m_pekerjaan` VALUES (168, 'R ', 'GANTI FRONT WHEEL HUB LH / RH', NULL, NULL, NULL);
INSERT INTO `m_pekerjaan` VALUES (169, 'R ', 'SYNCHRONISASI REMOTE CONTROL ( KUNCI REMOTE )', NULL, NULL, NULL);
INSERT INTO `m_pekerjaan` VALUES (170, 'FOC ', 'VEHICLE SURFACE WASH PERFORM', NULL, NULL, NULL);
INSERT INTO `m_pekerjaan` VALUES (171, 'ISP ', 'PERIKSA INDICATOR CHANGE KEY BATTERIES NYALA', NULL, NULL, NULL);
INSERT INTO `m_pekerjaan` VALUES (172, 'ISP ', 'SERVICE REPLACE DUST FILTER, PERFORM', NULL, NULL, NULL);
INSERT INTO `m_pekerjaan` VALUES (173, 'ISP ', 'SERVICE A WITH PLUS PACKAGE OIL CHANGE + FILTER ( CODE 505 )', NULL, NULL, NULL);
INSERT INTO `m_pekerjaan` VALUES (174, 'I6 ', 'REPLACE CHARGE HOSE BETWEEN CHARGE AIR COOLER AND TURBO CHARGER', NULL, NULL, NULL);
INSERT INTO `m_pekerjaan` VALUES (175, 'I6 ', 'BRING INJECTION SYSTEM TO CURRENT SERIES PRODUCTION CONFIGURATION. INCLUDE PERFORM INITIAL START UP MEN ENGINE CONTROL UNIT AND UP VARIOUS SOFTWARE RELEASE', NULL, NULL, NULL);
INSERT INTO `m_pekerjaan` VALUES (176, 'FOC ', 'GANTI ACCU LOCAL', NULL, NULL, NULL);
INSERT INTO `m_pekerjaan` VALUES (177, 'FOC ', 'VEHICLE SURFACE WASH PERFORM', NULL, NULL, NULL);
INSERT INTO `m_pekerjaan` VALUES (178, 'R ', 'PERIKSA / PERBAIKI ELEKTRIK SEAT DEPAN KIRI TIDAK FUNGSI / MACET < BONGKAR PASANG DOOR TRIM PINTU DEPAN KIRI, NORMALIZING SEAT ADJUSTMENT + HAPUS FAULT CODE >', NULL, NULL, NULL);
INSERT INTO `m_pekerjaan` VALUES (179, 'FOC ', 'VEHICLE SURFACE WASH PERFORM', NULL, NULL, NULL);
INSERT INTO `m_pekerjaan` VALUES (180, 'FOC ', 'SERVICE B WITH PLUS PACKAGE LUBRICATION ENGINE OIL AND FILTER CHANGE ( CODE 606 )', NULL, NULL, NULL);
INSERT INTO `m_pekerjaan` VALUES (181, 'R ', 'SERVICE REPLACE COMBINATION FILTER', NULL, NULL, NULL);
INSERT INTO `m_pekerjaan` VALUES (182, 'FOC ', 'VEHICLE SURFACE WASH PERFORM', NULL, NULL, NULL);
INSERT INTO `m_pekerjaan` VALUES (183, 'FOC ', 'SERVICE B WITH OIL CHANGE + FILTER ( CODE 606 )', NULL, NULL, NULL);
INSERT INTO `m_pekerjaan` VALUES (184, 'FOC ', 'GANTI OLI MESIN + FILTER M.B.OIL ( CODE QMDI )', NULL, NULL, NULL);
INSERT INTO `m_pekerjaan` VALUES (185, 'FOC ', 'VEHICLE SURFACE WASH PERFORM', NULL, NULL, NULL);
INSERT INTO `m_pekerjaan` VALUES (186, 'FOC ', 'SERVICE B WITH PLUS PACKAGE LUBRICATION ENGINE OIL AND FILTER CHANGE ( CODE 606 )', NULL, NULL, NULL);
INSERT INTO `m_pekerjaan` VALUES (187, 'FOC ', 'VEHICLE SURFACE WASH PERFORM', NULL, NULL, NULL);
INSERT INTO `m_pekerjaan` VALUES (188, 'ISP ', 'SERVICE REPLACE DUST FILTER, PERFORM', NULL, NULL, NULL);
INSERT INTO `m_pekerjaan` VALUES (189, 'ISP ', 'SERVICE A WITH PLUS PACKAGE OIL CHANGE + FILTER ( CODE 505 )', NULL, NULL, NULL);
INSERT INTO `m_pekerjaan` VALUES (190, 'ISP ', 'PERIKSA KONDISI DAN KAPASITAS BATTERY, INDIKATOR AUXILIARY BATTERIES NYALA', NULL, NULL, NULL);
INSERT INTO `m_pekerjaan` VALUES (191, 'ISP ', 'SERVICE B. REPLACE BRAKE FLUID', NULL, NULL, NULL);
INSERT INTO `m_pekerjaan` VALUES (192, 'ISP ', 'SERVICE B1 WITH PLUS PACKAGE ( GANTI OLI MESIN + FILTER M.B.OIL ) ( CODE E0E )', NULL, NULL, NULL);
INSERT INTO `m_pekerjaan` VALUES (193, 'R ', 'BUAT ESTIMASI BIAYA PERBAIKAN ( CAT BUMPER BELAKANG, GANTI LAMPU BELAKANG KIRI, GANTI LIST BUMPER BELAKANG BAG KIRI )', NULL, NULL, NULL);
INSERT INTO `m_pekerjaan` VALUES (194, 'FOC ', 'VEHICLE SURFACE WASH PERFORM', NULL, NULL, NULL);
INSERT INTO `m_pekerjaan` VALUES (195, 'I6 ', 'PERIKSA AC BELAKANG TIDAK KELUAR ANGIN ( BLOWER AC BELAKANG TIDAK JALAN )', NULL, NULL, NULL);
INSERT INTO `m_pekerjaan` VALUES (196, 'I6 ', 'KIRIM MEKANIK KE BANDARA JUANDA', NULL, NULL, NULL);
INSERT INTO `m_pekerjaan` VALUES (197, 'R ', 'PERIKSA POWER WINDOW BELAKANG KIRI TIDAK BISA MASUK, GANTI REGULATOR POWER WINDOW BELAKANG LH', NULL, NULL, NULL);
INSERT INTO `m_pekerjaan` VALUES (198, 'FOC ', 'VEHICLE SURFACE WASH PERFORM', NULL, NULL, NULL);
INSERT INTO `m_pekerjaan` VALUES (199, 'R ', 'PERIKSA HANDLE LOCK PINTU DEPAN KANAN LEPAS / TIDAK BISA DIBUKA DARI DALAM', NULL, NULL, NULL);
INSERT INTO `m_pekerjaan` VALUES (200, 'FOC ', 'SERVICE B MAINTENANCE SERVICE, LUBRICATION ENGINE OIL AND FILTER CHANGE', NULL, NULL, NULL);
INSERT INTO `m_pekerjaan` VALUES (201, 'KR', 'COBA PEKERJAAN TES', '2021-08-08 12:01:14', '2021-08-08 12:08:03', '2021-08-08 12:09:17');

-- ----------------------------
-- Table structure for m_profil
-- ----------------------------
DROP TABLE IF EXISTS `m_profil`;
CREATE TABLE `m_profil`  (
  `id` int(11) NOT NULL,
  `nama` varchar(255) CHARACTER SET utf8mb4 COLLATE utf8mb4_general_ci NULL DEFAULT NULL,
  `alamat` varchar(255) CHARACTER SET utf8mb4 COLLATE utf8mb4_general_ci NULL DEFAULT NULL,
  `kelurahan` varchar(255) CHARACTER SET utf8mb4 COLLATE utf8mb4_general_ci NULL DEFAULT NULL,
  `kecamatan` varchar(255) CHARACTER SET utf8mb4 COLLATE utf8mb4_general_ci NULL DEFAULT NULL,
  `kota` varchar(255) CHARACTER SET utf8mb4 COLLATE utf8mb4_general_ci NULL DEFAULT NULL,
  `kode_pos` varchar(255) CHARACTER SET utf8mb4 COLLATE utf8mb4_general_ci NULL DEFAULT NULL,
  `provinsi` varchar(255) CHARACTER SET utf8mb4 COLLATE utf8mb4_general_ci NULL DEFAULT NULL,
  `telp` varchar(255) CHARACTER SET utf8mb4 COLLATE utf8mb4_general_ci NULL DEFAULT NULL,
  `email` varchar(255) CHARACTER SET utf8mb4 COLLATE utf8mb4_general_ci NULL DEFAULT NULL,
  `deskripsi` varchar(255) CHARACTER SET utf8mb4 COLLATE utf8mb4_general_ci NULL DEFAULT NULL,
  `nama_dokter` varchar(255) CHARACTER SET utf8mb4 COLLATE utf8mb4_general_ci NULL DEFAULT NULL,
  `gambar` varchar(255) CHARACTER SET utf8mb4 COLLATE utf8mb4_general_ci NULL DEFAULT NULL,
  `created_at` datetime(0) NULL DEFAULT NULL,
  `updated_at` datetime(0) NULL DEFAULT NULL,
  `deleted_at` datetime(0) NULL DEFAULT NULL,
  PRIMARY KEY (`id`) USING BTREE
) ENGINE = InnoDB CHARACTER SET = utf8mb4 COLLATE = utf8mb4_general_ci ROW_FORMAT = DYNAMIC;

-- ----------------------------
-- Records of m_profil
-- ----------------------------
INSERT INTO `m_profil` VALUES (1, 'Service Mobil', 'Jl. Raya Tubanan No. 34 RT 04 RW 09', 'Karangpoh', 'Tandes', 'Surabaya', '60188', 'Jawa timur', '081321425352', 'nurcahyono320@gmail.com', 'Profesional Service mobil', NULL, 'logo-daimlerpng.png', '2021-06-13 19:35:21', NULL, NULL);

-- ----------------------------
-- Table structure for m_profile_usaha
-- ----------------------------
DROP TABLE IF EXISTS `m_profile_usaha`;
CREATE TABLE `m_profile_usaha`  (
  `id` int(11) NOT NULL AUTO_INCREMENT,
  `nama` varchar(255) CHARACTER SET utf8mb4 COLLATE utf8mb4_general_ci NULL DEFAULT NULL,
  `alamat` varchar(255) CHARACTER SET utf8mb4 COLLATE utf8mb4_general_ci NULL DEFAULT NULL,
  `telp` varchar(255) CHARACTER SET utf8mb4 COLLATE utf8mb4_general_ci NULL DEFAULT NULL,
  `hp` varchar(255) CHARACTER SET utf8mb4 COLLATE utf8mb4_general_ci NULL DEFAULT NULL,
  `deskripsi` text CHARACTER SET utf8mb4 COLLATE utf8mb4_general_ci NULL COMMENT 'bila ada catatan tambahan mengenai profil perusahaan',
  `logo_small` varchar(255) CHARACTER SET utf8mb4 COLLATE utf8mb4_general_ci NULL DEFAULT NULL COMMENT 'untuk logo icon di tab browser',
  `logo` varchar(255) CHARACTER SET utf8mb4 COLLATE utf8mb4_general_ci NULL DEFAULT NULL COMMENT 'untuk logo utama',
  `created_at` datetime(0) NULL DEFAULT NULL,
  `updated_at` datetime(0) NULL DEFAULT NULL,
  `deleted_at` datetime(0) NULL DEFAULT NULL,
  PRIMARY KEY (`id`) USING BTREE
) ENGINE = InnoDB AUTO_INCREMENT = 1 CHARACTER SET = utf8mb4 COLLATE = utf8mb4_general_ci ROW_FORMAT = DYNAMIC;

-- ----------------------------
-- Records of m_profile_usaha
-- ----------------------------

-- ----------------------------
-- Table structure for m_role
-- ----------------------------
DROP TABLE IF EXISTS `m_role`;
CREATE TABLE `m_role`  (
  `id` int(11) NOT NULL AUTO_INCREMENT,
  `nama` varchar(20) CHARACTER SET latin1 COLLATE latin1_swedish_ci NOT NULL,
  `keterangan` varchar(255) CHARACTER SET latin1 COLLATE latin1_swedish_ci NULL DEFAULT '',
  `aktif` int(1) NULL DEFAULT 1,
  PRIMARY KEY (`id`) USING BTREE
) ENGINE = InnoDB AUTO_INCREMENT = 7 CHARACTER SET = latin1 COLLATE = latin1_swedish_ci ROW_FORMAT = COMPACT;

-- ----------------------------
-- Records of m_role
-- ----------------------------
INSERT INTO `m_role` VALUES (1, 'Superadmin', 'Level Super Admin', 1);
INSERT INTO `m_role` VALUES (2, 'Owner', 'Owner', 1);
INSERT INTO `m_role` VALUES (3, 'admin', 'admin', 1);
INSERT INTO `m_role` VALUES (4, 'Service Advisor', 'head of mechanic', 1);
INSERT INTO `m_role` VALUES (5, 'Workshop', 'leader of mechanic', 1);
INSERT INTO `m_role` VALUES (6, 'Sparepart', 'sparepart division', 1);

-- ----------------------------
-- Table structure for m_user
-- ----------------------------
DROP TABLE IF EXISTS `m_user`;
CREATE TABLE `m_user`  (
  `id` int(64) NOT NULL AUTO_INCREMENT,
  `id_role` int(64) NULL DEFAULT NULL,
  `username` varchar(255) CHARACTER SET utf8mb4 COLLATE utf8mb4_general_ci NULL DEFAULT NULL,
  `password` varchar(255) CHARACTER SET utf8mb4 COLLATE utf8mb4_general_ci NULL DEFAULT NULL,
  `status` int(1) NULL DEFAULT NULL,
  `last_login` datetime(0) NULL DEFAULT NULL,
  `kode_user` varchar(10) CHARACTER SET utf8mb4 COLLATE utf8mb4_general_ci NULL DEFAULT NULL,
  `foto` varchar(255) CHARACTER SET utf8mb4 COLLATE utf8mb4_general_ci NULL DEFAULT NULL,
  `created_at` datetime(0) NULL DEFAULT NULL,
  `updated_at` datetime(0) NULL DEFAULT NULL,
  `deleted_at` datetime(0) NULL DEFAULT NULL,
  PRIMARY KEY (`id`) USING BTREE
) ENGINE = InnoDB AUTO_INCREMENT = 6 CHARACTER SET = utf8mb4 COLLATE = utf8mb4_general_ci ROW_FORMAT = DYNAMIC;

-- ----------------------------
-- Records of m_user
-- ----------------------------
INSERT INTO `m_user` VALUES (1, 1, 'superadmin', 'SnIvSVV6c2UwdWhKS1ZKMDluUlp4dz09', 1, '2021-08-23 22:04:55', 'USR-00001', NULL, NULL, NULL, NULL);
INSERT INTO `m_user` VALUES (2, 3, 'admin', 'Tzg1eTllUlU2a2xNQk5yYktIM1pwUT09', NULL, NULL, 'USR-00002', 'coba-1602775328.jpg', '2020-10-15 22:22:08', '2020-10-15 22:43:54', '2020-10-15 22:58:50');
INSERT INTO `m_user` VALUES (3, 4, 'service.advisor', 'SnIvSVV6c2UwdWhKS1ZKMDluUlp4dz09', 1, '2021-08-01 19:53:51', 'USR-00003', 'user_default.png', '2021-08-01 13:35:46', NULL, NULL);
INSERT INTO `m_user` VALUES (4, 5, 'workshop', 'SnIvSVV6c2UwdWhKS1ZKMDluUlp4dz09', 1, '2021-08-08 13:08:47', 'USR-00004', 'user_default.png', '2021-08-01 20:08:23', NULL, NULL);
INSERT INTO `m_user` VALUES (5, 6, 'sparepart', 'SnIvSVV6c2UwdWhKS1ZKMDluUlp4dz09', 1, '2021-08-01 20:18:20', 'USR-00005', 'user_default.png', '2021-08-01 20:18:04', NULL, NULL);

-- ----------------------------
-- Table structure for t_denormalisasi
-- ----------------------------
DROP TABLE IF EXISTS `t_denormalisasi`;
CREATE TABLE `t_denormalisasi`  (
  `id` int(11) NOT NULL AUTO_INCREMENT,
  `id_perhitungan` int(11) NULL DEFAULT NULL,
  `v11` float(20, 20) NULL DEFAULT NULL,
  `v12` float(20, 20) NULL DEFAULT NULL,
  `v21` float(20, 20) NULL DEFAULT NULL,
  `v22` float(20, 20) NULL DEFAULT NULL,
  `bias_1` float(20, 20) NULL DEFAULT NULL,
  `bias_2` float(20, 20) NULL DEFAULT NULL,
  `aktivasi_z1` float(20, 20) NULL DEFAULT NULL,
  `aktivasi_z2` float(20, 20) NULL DEFAULT NULL,
  `hidden_z1` float(20, 20) NULL DEFAULT NULL,
  `hidden_z2` float(20, 20) NULL DEFAULT NULL,
  `w1` float(20, 20) NULL DEFAULT NULL,
  `w2` float(20, 20) NULL DEFAULT NULL,
  `b` float(20, 20) NULL DEFAULT NULL,
  `y` float(20, 2) NULL DEFAULT NULL,
  `created_at` datetime(0) NULL DEFAULT NULL,
  `updated_at` datetime(0) NULL DEFAULT NULL,
  `deleted_at` datetime(0) NULL DEFAULT NULL,
  PRIMARY KEY (`id`) USING BTREE
) ENGINE = InnoDB AUTO_INCREMENT = 1 CHARACTER SET = utf8mb4 COLLATE = utf8mb4_general_ci ROW_FORMAT = Dynamic;

-- ----------------------------
-- Records of t_denormalisasi
-- ----------------------------

-- ----------------------------
-- Table structure for t_kendaraan_masuk
-- ----------------------------
DROP TABLE IF EXISTS `t_kendaraan_masuk`;
CREATE TABLE `t_kendaraan_masuk`  (
  `id` int(32) NOT NULL AUTO_INCREMENT,
  `id_customer` int(32) NULL DEFAULT NULL,
  `id_kendaraan` int(32) NULL DEFAULT NULL,
  `invoice` varchar(255) CHARACTER SET utf8mb4 COLLATE utf8mb4_general_ci NULL DEFAULT NULL,
  `id_mekanik` int(34) NULL DEFAULT NULL,
  `keluhan` text CHARACTER SET utf8mb4 COLLATE utf8mb4_general_ci NULL,
  `created_at` datetime(0) NULL DEFAULT NULL,
  `updated_at` datetime(0) NULL DEFAULT NULL,
  `deleted_at` datetime(0) NULL DEFAULT NULL,
  `status` int(34) NULL DEFAULT NULL COMMENT 'null = kendaraan masuk, 1 = dipilih mekanik, 2 = selesai dikerjakan',
  `tgl_selesai` datetime(0) NULL DEFAULT NULL,
  `hitung_pekerjaan` int(11) NULL DEFAULT NULL,
  `hitung_onderdil` int(11) NULL DEFAULT NULL,
  `lama_service` int(11) NULL DEFAULT NULL,
  `hitung_estimasi` float(20, 20) NULL DEFAULT NULL,
  PRIMARY KEY (`id`) USING BTREE
) ENGINE = InnoDB AUTO_INCREMENT = 8 CHARACTER SET = utf8mb4 COLLATE = utf8mb4_general_ci ROW_FORMAT = DYNAMIC;

-- ----------------------------
-- Records of t_kendaraan_masuk
-- ----------------------------
INSERT INTO `t_kendaraan_masuk` VALUES (4, 1, 1, 'INV-21081100000', NULL, 'coba-coba', '2021-08-01 09:52:50', NULL, NULL, NULL, '2021-08-03 01:15:56', 1, 5, 2, NULL);
INSERT INTO `t_kendaraan_masuk` VALUES (5, 1, 1, 'INV-21081100001', NULL, 'tes coba', '2021-08-11 09:51:26', NULL, NULL, NULL, '2021-08-20 01:15:22', 3, 1, 9, NULL);
INSERT INTO `t_kendaraan_masuk` VALUES (6, 2, 2, 'INV-21081100002', NULL, 'coba tes', '2021-08-20 09:52:50', NULL, NULL, NULL, '2021-08-23 01:15:56', 4, 2, 2, NULL);

-- ----------------------------
-- Table structure for t_kendaraan_masuk_detail
-- ----------------------------
DROP TABLE IF EXISTS `t_kendaraan_masuk_detail`;
CREATE TABLE `t_kendaraan_masuk_detail`  (
  `id` int(34) NOT NULL AUTO_INCREMENT,
  `id_t_kendaraan_masuk` int(34) NULL DEFAULT NULL,
  `id_onderdil` int(34) NULL DEFAULT NULL,
  `qty` float(20, 2) NULL DEFAULT NULL,
  `harga` float(20, 2) NULL DEFAULT NULL,
  `created_at` datetime(0) NULL DEFAULT NULL,
  `updated_at` datetime(0) NULL DEFAULT NULL,
  `deleted_at` datetime(0) NULL DEFAULT NULL,
  PRIMARY KEY (`id`) USING BTREE
) ENGINE = InnoDB AUTO_INCREMENT = 16 CHARACTER SET = utf8mb4 COLLATE = utf8mb4_general_ci ROW_FORMAT = DYNAMIC;

-- ----------------------------
-- Records of t_kendaraan_masuk_detail
-- ----------------------------
INSERT INTO `t_kendaraan_masuk_detail` VALUES (14, 6, 1, 4.00, 350000.00, '2021-08-22 21:48:34', NULL, NULL);
INSERT INTO `t_kendaraan_masuk_detail` VALUES (15, 6, 2, 2.00, 550000.00, '2021-08-22 21:48:45', NULL, NULL);

-- ----------------------------
-- Table structure for t_kendaraan_pekerjaan_detail
-- ----------------------------
DROP TABLE IF EXISTS `t_kendaraan_pekerjaan_detail`;
CREATE TABLE `t_kendaraan_pekerjaan_detail`  (
  `id` int(32) NOT NULL AUTO_INCREMENT,
  `id_t_kendaraan_masuk` int(32) NULL DEFAULT NULL,
  `id_pekerjaan` int(32) NULL DEFAULT NULL,
  `created_at` datetime(0) NULL DEFAULT NULL,
  PRIMARY KEY (`id`) USING BTREE
) ENGINE = InnoDB AUTO_INCREMENT = 9 CHARACTER SET = utf8mb4 COLLATE = utf8mb4_general_ci ROW_FORMAT = DYNAMIC;

-- ----------------------------
-- Records of t_kendaraan_pekerjaan_detail
-- ----------------------------
INSERT INTO `t_kendaraan_pekerjaan_detail` VALUES (5, 6, 1, '2021-08-22 21:24:29');
INSERT INTO `t_kendaraan_pekerjaan_detail` VALUES (6, 6, 3, '2021-08-22 21:24:34');
INSERT INTO `t_kendaraan_pekerjaan_detail` VALUES (7, 6, 14, '2021-08-22 21:49:40');
INSERT INTO `t_kendaraan_pekerjaan_detail` VALUES (8, 6, 50, '2021-08-22 21:50:55');

-- ----------------------------
-- Table structure for t_log_aktivitas
-- ----------------------------
DROP TABLE IF EXISTS `t_log_aktivitas`;
CREATE TABLE `t_log_aktivitas`  (
  `id` varchar(255) CHARACTER SET utf8mb4 COLLATE utf8mb4_general_ci NOT NULL COMMENT 'uuid',
  `id_m_menu` int(11) NULL DEFAULT NULL,
  `id_m_user` int(64) NULL DEFAULT NULL,
  `aksi` varchar(255) CHARACTER SET utf8mb4 COLLATE utf8mb4_general_ci NULL DEFAULT NULL COMMENT 'CREATE, UPDATE, DELETE, AKSI LAIN USER TSB',
  `old_data` text CHARACTER SET utf8mb4 COLLATE utf8mb4_general_ci NULL COMMENT 'json data lama',
  `new_data` text CHARACTER SET utf8mb4 COLLATE utf8mb4_general_ci NULL COMMENT 'json data baru',
  `created_at` datetime(0) NULL DEFAULT NULL,
  `updated_at` datetime(0) NULL DEFAULT NULL,
  `deleted_at` datetime(0) NULL DEFAULT NULL,
  PRIMARY KEY (`id`) USING BTREE
) ENGINE = InnoDB CHARACTER SET = utf8mb4 COLLATE = utf8mb4_general_ci ROW_FORMAT = DYNAMIC;

-- ----------------------------
-- Records of t_log_aktivitas
-- ----------------------------
INSERT INTO `t_log_aktivitas` VALUES ('052d089c-3536-4ee7-8619-b8e27959e69b', NULL, 1, 'LOGIN', NULL, '{\"username\":\"superadmin\",\"id_user\":\"1\",\"last_login\":\"2021-08-17 14:19:40\",\"id_role\":\"1\",\"logged_in\":true}', '2021-08-19 21:57:02', NULL, NULL);
INSERT INTO `t_log_aktivitas` VALUES ('0fd1fc21-00d7-445a-9b59-a50a7833f294', NULL, 1, 'LOGIN', NULL, '{\"username\":\"superadmin\",\"id_user\":\"1\",\"last_login\":\"2021-04-23 18:57:16\",\"id_role\":\"1\",\"logged_in\":true}', '2021-04-26 16:53:54', NULL, NULL);
INSERT INTO `t_log_aktivitas` VALUES ('162b6c97-39fc-4550-8a89-27fe27ddd262', NULL, 1, 'LOGIN', NULL, '{\"username\":\"superadmin\",\"id_user\":\"1\",\"last_login\":\"2021-08-19 21:57:02\",\"id_role\":\"1\",\"logged_in\":true}', '2021-08-21 09:21:53', NULL, NULL);
INSERT INTO `t_log_aktivitas` VALUES ('2b798a8c-18b7-44a2-b882-8d5bb778ee34', NULL, 1, 'LOGIN', NULL, '{\"username\":\"superadmin\",\"id_user\":\"1\",\"last_login\":\"2021-04-27 19:40:49\",\"id_role\":\"1\",\"logged_in\":true}', '2021-04-30 18:25:08', NULL, NULL);
INSERT INTO `t_log_aktivitas` VALUES ('2e7f4fbd-14b6-4e7a-b974-240c1d700412', NULL, 1, 'LOGOUT', NULL, '{\"username\":\"superadmin\",\"id_user\":\"1\",\"last_login\":\"2021-08-08 11:44:44\",\"id_role\":\"1\",\"logged_in\":false}', '2021-08-08 17:35:11', NULL, NULL);
INSERT INTO `t_log_aktivitas` VALUES ('3d2a6e82-f5c7-49ed-b245-eb9da9f15b37', NULL, 1, 'LOGIN', NULL, '{\"username\":\"superadmin\",\"id_user\":\"1\",\"last_login\":\"2021-08-22 13:32:48\",\"id_role\":\"1\",\"logged_in\":true}', '2021-08-22 21:22:52', NULL, NULL);
INSERT INTO `t_log_aktivitas` VALUES ('3f1e7659-8ffe-4564-8bc5-e5d321325a93', NULL, 1, 'LOGIN', NULL, '{\"username\":\"superadmin\",\"id_user\":\"1\",\"last_login\":\"2021-08-08 16:26:47\",\"id_role\":\"1\",\"logged_in\":true}', '2021-08-11 09:13:42', NULL, NULL);
INSERT INTO `t_log_aktivitas` VALUES ('40ebb926-beb8-4b38-91a5-b52b254a42b3', NULL, 1, 'LOGIN', NULL, '{\"username\":\"superadmin\",\"id_user\":\"1\",\"last_login\":\"2021-04-21 21:33:28\",\"id_role\":\"1\",\"logged_in\":true}', '2021-04-23 18:57:16', NULL, NULL);
INSERT INTO `t_log_aktivitas` VALUES ('438df55e-6d45-4ad3-90f8-cd5216478a26', 9, 1, 'CREATE', NULL, '{\"id\":\"41164dbe-7d6b-4344-8a9c-5c563d4b02fa\",\"id_transaksi\":\"58c87a01-69d4-4df7-996d-0c66bb5fd123\",\"id_item_trans\":\"4\",\"harga_satuan\":\"5000.00\",\"created_at\":\"2021-04-10 12:40:39\"}', '2021-04-10 12:40:39', NULL, NULL);
INSERT INTO `t_log_aktivitas` VALUES ('4d90ef86-ff41-4ddb-b66c-d4984845076b', 9, 2, 'CREATE', NULL, '{\"id\":\"a1cc944d-aafb-4022-864f-2a764946c4f0\",\"id_transaksi\":\"aed1554a-57d9-4baa-ac50-d2496619b5c3\",\"id_item_trans\":\"3\",\"harga_satuan\":\"10000.00\",\"created_at\":\"2021-04-11 23:08:58\"}', '2021-04-11 23:08:58', NULL, NULL);
INSERT INTO `t_log_aktivitas` VALUES ('50be5d1d-1be1-42d4-8983-22dc5f98aed7', NULL, 1, 'LOGIN', NULL, '{\"username\":\"superadmin\",\"id_user\":\"1\",\"last_login\":\"2021-04-30 18:25:08\",\"id_role\":\"1\",\"logged_in\":true}', '2021-05-01 10:22:07', NULL, NULL);
INSERT INTO `t_log_aktivitas` VALUES ('518a525e-bd9d-47fc-98ba-26b2c44170a3', 9, 2, 'CREATE', NULL, '{\"id\":\"01c3943a-e7ae-47f4-aa59-e2a84cd630f9\",\"id_transaksi\":\"c53b2e29-5983-494c-87aa-189d20e2ecfa\",\"id_item_trans\":\"4\",\"harga_satuan\":\"5000.00\",\"created_at\":\"2021-04-11 23:08:48\"}', '2021-04-11 23:08:48', NULL, NULL);
INSERT INTO `t_log_aktivitas` VALUES ('5d762b29-94d5-4621-a49d-dd8523ff5c27', NULL, 1, 'LOGIN', NULL, '{\"username\":\"superadmin\",\"id_user\":\"1\",\"last_login\":\"2021-04-18 09:54:38\",\"id_role\":\"1\",\"logged_in\":true}', '2021-04-21 21:33:28', NULL, NULL);
INSERT INTO `t_log_aktivitas` VALUES ('5eacde10-5cdd-4d42-8ab8-2bccc670efac', NULL, 1, 'LOGIN', NULL, '{\"username\":\"superadmin\",\"id_user\":\"1\",\"last_login\":\"2021-05-01 10:22:07\",\"id_role\":\"1\",\"logged_in\":true}', '2021-08-08 12:17:29', NULL, NULL);
INSERT INTO `t_log_aktivitas` VALUES ('5f5a4e84-3523-4b5d-9413-13ead0741c76', 9, 1, 'CREATE', NULL, '{\"id\":\"ccd705b9-3b4a-45a2-b775-0512163e6453\",\"id_transaksi\":\"3bf384cf-c2eb-4947-add7-8b547b90d5d7\",\"id_item_trans\":\"3\",\"harga_satuan\":\"10000.00\",\"created_at\":\"2021-04-10 09:13:17\"}', '2021-04-10 09:13:17', NULL, NULL);
INSERT INTO `t_log_aktivitas` VALUES ('6cea075e-c095-401f-89c1-d6cabb4f7c31', 9, 1, 'CREATE', NULL, '{\"id\":\"eac9f12c-a7eb-4d7a-8cc1-8adf155aae96\",\"id_transaksi\":\"0cb83009-a6ac-4399-ad69-5ee8c0b8c14d\",\"id_item_trans\":\"4\",\"harga_satuan\":\"5000.00\",\"created_at\":\"2021-04-10 09:12:16\"}', '2021-04-10 09:12:16', NULL, NULL);
INSERT INTO `t_log_aktivitas` VALUES ('7b3f9b07-308e-4aef-923a-60a6e298d954', NULL, 1, 'LOGIN', NULL, '{\"username\":\"superadmin\",\"id_user\":\"1\",\"last_login\":\"2021-08-21 09:21:53\",\"id_role\":\"1\",\"logged_in\":true}', '2021-08-22 13:32:48', NULL, NULL);
INSERT INTO `t_log_aktivitas` VALUES ('99348e42-f8d3-4e0f-b9c5-4ce31cbe03d3', NULL, 1, 'LOGIN', NULL, '{\"username\":\"superadmin\",\"id_user\":\"1\",\"last_login\":\"2021-08-22 21:22:52\",\"id_role\":\"1\",\"logged_in\":true}', '2021-08-23 01:11:07', NULL, NULL);
INSERT INTO `t_log_aktivitas` VALUES ('9d5a0d38-d2dc-4a1e-bbe3-b428a274ecf9', 9, 1, 'CREATE', NULL, '{\"id\":\"e23e0e15-1b59-4461-8af8-364dbcab1d19\",\"id_transaksi\":\"20af352e-ad3e-4b76-a552-b4510ca62dde\",\"id_item_trans\":\"4\",\"harga_satuan\":\"5000.00\",\"created_at\":\"2021-04-10 09:13:41\"}', '2021-04-10 09:13:41', NULL, NULL);
INSERT INTO `t_log_aktivitas` VALUES ('a1d52945-f60a-47fc-840e-7855b2012d40', NULL, 1, 'LOGIN', NULL, '{\"username\":\"superadmin\",\"id_user\":\"1\",\"last_login\":\"2021-08-11 09:13:42\",\"id_role\":\"1\",\"logged_in\":true}', '2021-08-17 14:19:40', NULL, NULL);
INSERT INTO `t_log_aktivitas` VALUES ('d83b49f6-4ee9-43ec-8edf-973e6f0c9ec0', 9, 1, 'CREATE', NULL, '{\"id\":\"3f589560-3627-46b9-9640-e2ac1a060c13\",\"id_transaksi\":\"56cd3383-73ca-428d-b2a5-cee4d392bcae\",\"id_item_trans\":\"3\",\"harga_satuan\":\"10000.00\",\"created_at\":\"2021-04-10 09:12:33\"}', '2021-04-10 09:12:33', NULL, NULL);
INSERT INTO `t_log_aktivitas` VALUES ('e4b4c203-bfa5-4045-a680-8babb8864402', NULL, 1, 'LOGIN', NULL, '{\"username\":\"superadmin\",\"id_user\":\"1\",\"last_login\":\"2021-08-23 01:11:07\",\"id_role\":\"1\",\"logged_in\":true}', '2021-08-23 22:04:55', NULL, NULL);
INSERT INTO `t_log_aktivitas` VALUES ('f567ce47-8288-4574-9705-c6b576e8d134', NULL, 1, 'LOGIN', NULL, '{\"username\":\"superadmin\",\"id_user\":\"1\",\"last_login\":\"2021-04-26 16:53:54\",\"id_role\":\"1\",\"logged_in\":true}', '2021-04-27 19:40:49', NULL, NULL);

-- ----------------------------
-- Table structure for t_perhitungan
-- ----------------------------
DROP TABLE IF EXISTS `t_perhitungan`;
CREATE TABLE `t_perhitungan`  (
  `id` int(11) NOT NULL AUTO_INCREMENT,
  `arr_input_x1` varchar(200) CHARACTER SET utf8mb4 COLLATE utf8mb4_general_ci NULL DEFAULT NULL,
  `arr_input_x2` varchar(200) CHARACTER SET utf8mb4 COLLATE utf8mb4_general_ci NULL DEFAULT NULL,
  `arr_input_t` varchar(200) CHARACTER SET utf8mb4 COLLATE utf8mb4_general_ci NULL DEFAULT NULL,
  `alpha` float(20, 2) NULL DEFAULT NULL,
  `arr_bobot_v11_awal` varchar(200) CHARACTER SET utf8mb4 COLLATE utf8mb4_general_ci NULL DEFAULT NULL,
  `arr_bobot_v12_awal` varchar(200) CHARACTER SET utf8mb4 COLLATE utf8mb4_general_ci NULL DEFAULT NULL,
  `arr_bobot_v21_awal` varchar(200) CHARACTER SET utf8mb4 COLLATE utf8mb4_general_ci NULL DEFAULT NULL,
  `arr_bobot_v22_awal` varchar(200) CHARACTER SET utf8mb4 COLLATE utf8mb4_general_ci NULL DEFAULT NULL,
  `arr_bias_1_awal` varchar(200) CHARACTER SET utf8mb4 COLLATE utf8mb4_general_ci NULL DEFAULT NULL,
  `arr_bias_2_awal` varchar(200) CHARACTER SET utf8mb4 COLLATE utf8mb4_general_ci NULL DEFAULT NULL,
  `arr_bobot_w1_awal` varchar(200) CHARACTER SET utf8mb4 COLLATE utf8mb4_general_ci NULL DEFAULT NULL,
  `arr_bobot_w2_awal` varchar(200) CHARACTER SET utf8mb4 COLLATE utf8mb4_general_ci NULL DEFAULT NULL,
  `arr_bobot_b_awal` varchar(200) CHARACTER SET utf8mb4 COLLATE utf8mb4_general_ci NULL DEFAULT NULL,
  `epoch` int(11) NULL DEFAULT 0,
  `jml_baris_input` int(11) NULL DEFAULT NULL,
  `mse_terkecil` double(20, 5) NULL DEFAULT NULL,
  `created_at` datetime(0) NULL DEFAULT NULL,
  `updated_at` datetime(0) NULL DEFAULT NULL,
  `deleted_at` datetime(0) NULL DEFAULT NULL,
  PRIMARY KEY (`id`) USING BTREE
) ENGINE = InnoDB AUTO_INCREMENT = 1 CHARACTER SET = utf8mb4 COLLATE = utf8mb4_general_ci ROW_FORMAT = Dynamic;

-- ----------------------------
-- Records of t_perhitungan
-- ----------------------------

-- ----------------------------
-- Table structure for t_perhitungan_det
-- ----------------------------
DROP TABLE IF EXISTS `t_perhitungan_det`;
CREATE TABLE `t_perhitungan_det`  (
  `id` int(11) NOT NULL AUTO_INCREMENT,
  `id_perhitungan` int(11) NULL DEFAULT NULL,
  `epoch_ke` int(20) NULL DEFAULT NULL,
  `arr_bobot_v11` varchar(200) CHARACTER SET utf8mb4 COLLATE utf8mb4_general_ci NULL DEFAULT NULL,
  `arr_bobot_v12` varchar(200) CHARACTER SET utf8mb4 COLLATE utf8mb4_general_ci NULL DEFAULT NULL,
  `arr_bobot_v21` varchar(200) CHARACTER SET utf8mb4 COLLATE utf8mb4_general_ci NULL DEFAULT NULL,
  `arr_bobot_v22` varchar(200) CHARACTER SET utf8mb4 COLLATE utf8mb4_general_ci NULL DEFAULT NULL,
  `arr_bobot_bias1` varchar(200) CHARACTER SET utf8mb4 COLLATE utf8mb4_general_ci NULL DEFAULT NULL,
  `arr_bobot_bias2` varchar(200) CHARACTER SET utf8mb4 COLLATE utf8mb4_general_ci NULL DEFAULT NULL,
  `arr_bobot_b` varchar(200) CHARACTER SET utf8mb4 COLLATE utf8mb4_general_ci NULL DEFAULT NULL,
  `arr_bobot_w1` varchar(200) CHARACTER SET utf8mb4 COLLATE utf8mb4_general_ci NULL DEFAULT NULL,
  `arr_bobot_w2` varchar(200) CHARACTER SET utf8mb4 COLLATE utf8mb4_general_ci NULL DEFAULT NULL,
  `arr_aktivasi_z1_raw` varchar(200) CHARACTER SET utf8mb4 COLLATE utf8mb4_general_ci NULL DEFAULT NULL,
  `arr_aktivasi_z2_raw` varchar(200) CHARACTER SET utf8mb4 COLLATE utf8mb4_general_ci NULL DEFAULT NULL,
  `arr_aktivasi_z1` varchar(200) CHARACTER SET utf8mb4 COLLATE utf8mb4_general_ci NULL DEFAULT NULL,
  `arr_aktivasi_z2` varchar(200) CHARACTER SET utf8mb4 COLLATE utf8mb4_general_ci NULL DEFAULT NULL,
  `arr_output_y` varchar(200) CHARACTER SET utf8mb4 COLLATE utf8mb4_general_ci NULL DEFAULT NULL,
  `arr_output_aktivasi` varchar(200) CHARACTER SET utf8mb4 COLLATE utf8mb4_general_ci NULL DEFAULT NULL,
  `arr_output_faktor_error_y` varchar(200) CHARACTER SET utf8mb4 COLLATE utf8mb4_general_ci NULL DEFAULT NULL,
  `arr_output_perubahan_bobot_w1` varchar(200) CHARACTER SET utf8mb4 COLLATE utf8mb4_general_ci NULL DEFAULT NULL,
  `arr_output_perubahan_bobot_w2` varchar(200) CHARACTER SET utf8mb4 COLLATE utf8mb4_general_ci NULL DEFAULT NULL,
  `arr_output_perubahan_bobot_w_bias` varchar(200) CHARACTER SET utf8mb4 COLLATE utf8mb4_general_ci NULL DEFAULT NULL,
  `arr_output_faktor_error_z_net1` varchar(200) CHARACTER SET utf8mb4 COLLATE utf8mb4_general_ci NULL DEFAULT NULL,
  `arr_output_faktor_error_z_net2` varchar(200) CHARACTER SET utf8mb4 COLLATE utf8mb4_general_ci NULL DEFAULT NULL,
  `arr_output_faktor_error_z1` varchar(200) CHARACTER SET utf8mb4 COLLATE utf8mb4_general_ci NULL DEFAULT NULL,
  `arr_output_faktor_error_z2` varchar(200) CHARACTER SET utf8mb4 COLLATE utf8mb4_general_ci NULL DEFAULT NULL,
  `arr_output_perubahan_bobot_v11` varchar(200) CHARACTER SET utf8mb4 COLLATE utf8mb4_general_ci NULL DEFAULT NULL,
  `arr_output_perubahan_bobot_v12` varchar(200) CHARACTER SET utf8mb4 COLLATE utf8mb4_general_ci NULL DEFAULT NULL,
  `arr_output_perubahan_bobot_v21` varchar(200) CHARACTER SET utf8mb4 COLLATE utf8mb4_general_ci NULL DEFAULT NULL,
  `arr_output_perubahan_bobot_v22` varchar(200) CHARACTER SET utf8mb4 COLLATE utf8mb4_general_ci NULL DEFAULT NULL,
  `arr_output_perubahan_bobot_vb1` varchar(200) CHARACTER SET utf8mb4 COLLATE utf8mb4_general_ci NULL DEFAULT NULL,
  `arr_output_perubahan_bobot_vb2` varchar(200) CHARACTER SET utf8mb4 COLLATE utf8mb4_general_ci NULL DEFAULT NULL,
  `arr_output_error` varchar(200) CHARACTER SET utf8mb4 COLLATE utf8mb4_general_ci NULL DEFAULT NULL,
  `arr_output_error2` varchar(200) CHARACTER SET utf8mb4 COLLATE utf8mb4_general_ci NULL DEFAULT NULL,
  `mse` double(20, 5) NULL DEFAULT NULL,
  `is_stop` int(1) NULL DEFAULT NULL,
  PRIMARY KEY (`id`) USING BTREE
) ENGINE = InnoDB AUTO_INCREMENT = 1 CHARACTER SET = utf8mb4 COLLATE = utf8mb4_general_ci ROW_FORMAT = Dynamic;

-- ----------------------------
-- Records of t_perhitungan_det
-- ----------------------------

-- ----------------------------
-- Table structure for t_role_menu
-- ----------------------------
DROP TABLE IF EXISTS `t_role_menu`;
CREATE TABLE `t_role_menu`  (
  `id_menu` int(11) NOT NULL,
  `id_role` int(11) NOT NULL,
  `add_button` int(1) NULL DEFAULT 0,
  `edit_button` int(1) NULL DEFAULT 0,
  `delete_button` int(1) NULL DEFAULT 0,
  INDEX `f_level_user`(`id_role`) USING BTREE,
  INDEX `id_menu`(`id_menu`) USING BTREE,
  CONSTRAINT `t_role_menu_ibfk_1` FOREIGN KEY (`id_role`) REFERENCES `m_role` (`id`) ON DELETE RESTRICT ON UPDATE RESTRICT,
  CONSTRAINT `t_role_menu_ibfk_2` FOREIGN KEY (`id_menu`) REFERENCES `m_menu` (`id`) ON DELETE RESTRICT ON UPDATE RESTRICT
) ENGINE = InnoDB CHARACTER SET = latin1 COLLATE = latin1_swedish_ci ROW_FORMAT = COMPACT;

-- ----------------------------
-- Records of t_role_menu
-- ----------------------------
INSERT INTO `t_role_menu` VALUES (1, 6, 0, 0, 0);
INSERT INTO `t_role_menu` VALUES (6, 6, 0, 0, 0);
INSERT INTO `t_role_menu` VALUES (19, 6, 1, 1, 1);
INSERT INTO `t_role_menu` VALUES (1, 4, 0, 0, 0);
INSERT INTO `t_role_menu` VALUES (14, 4, 0, 0, 0);
INSERT INTO `t_role_menu` VALUES (15, 4, 1, 1, 1);
INSERT INTO `t_role_menu` VALUES (18, 4, 1, 1, 1);
INSERT INTO `t_role_menu` VALUES (20, 4, 1, 1, 1);
INSERT INTO `t_role_menu` VALUES (1, 5, 0, 0, 0);
INSERT INTO `t_role_menu` VALUES (14, 5, 0, 0, 0);
INSERT INTO `t_role_menu` VALUES (18, 5, 1, 1, 1);
INSERT INTO `t_role_menu` VALUES (20, 5, 1, 1, 1);
INSERT INTO `t_role_menu` VALUES (1, 1, 0, 0, 0);
INSERT INTO `t_role_menu` VALUES (6, 1, 0, 0, 0);
INSERT INTO `t_role_menu` VALUES (7, 1, 1, 1, 1);
INSERT INTO `t_role_menu` VALUES (12, 1, 1, 1, 1);
INSERT INTO `t_role_menu` VALUES (16, 1, 1, 1, 1);
INSERT INTO `t_role_menu` VALUES (17, 1, 1, 1, 1);
INSERT INTO `t_role_menu` VALUES (19, 1, 1, 1, 1);
INSERT INTO `t_role_menu` VALUES (21, 1, 1, 1, 1);
INSERT INTO `t_role_menu` VALUES (14, 1, 0, 0, 0);
INSERT INTO `t_role_menu` VALUES (15, 1, 1, 1, 1);
INSERT INTO `t_role_menu` VALUES (18, 1, 1, 1, 1);
INSERT INTO `t_role_menu` VALUES (20, 1, 1, 1, 1);
INSERT INTO `t_role_menu` VALUES (2, 1, 0, 0, 0);
INSERT INTO `t_role_menu` VALUES (4, 1, 1, 1, 1);
INSERT INTO `t_role_menu` VALUES (3, 1, 1, 1, 1);

SET FOREIGN_KEY_CHECKS = 1;
