/*
 Navicat Premium Data Transfer

 Source Server         : local-mysql
 Source Server Type    : MySQL
 Source Server Version : 100413
 Source Host           : localhost:3306
 Source Schema         : service_mobil

 Target Server Type    : MySQL
 Target Server Version : 100413
 File Encoding         : 65001

 Date: 23/08/2021 02:25:44
*/

SET NAMES utf8mb4;
SET FOREIGN_KEY_CHECKS = 0;

-- ----------------------------
-- Table structure for m_barang
-- ----------------------------
DROP TABLE IF EXISTS `m_barang`;
CREATE TABLE `m_barang`  (
  `id` int(32) NOT NULL AUTO_INCREMENT,
  `nama_barang` varchar(500) CHARACTER SET utf8mb4 COLLATE utf8mb4_general_ci NULL DEFAULT NULL,
  `harga_awal` float(20, 2) NULL DEFAULT NULL,
  `harga_jual` float(20, 2) NULL DEFAULT NULL,
  `created_at` datetime(0) NULL DEFAULT NULL,
  `updated_at` datetime(0) NULL DEFAULT NULL,
  `deleted_at` datetime(0) NULL DEFAULT NULL,
  `stok` float(20, 2) NULL DEFAULT NULL,
  `id_kategori_barang` int(32) NULL DEFAULT NULL,
  PRIMARY KEY (`id`) USING BTREE
) ENGINE = InnoDB AUTO_INCREMENT = 3 CHARACTER SET = utf8mb4 COLLATE = utf8mb4_general_ci ROW_FORMAT = DYNAMIC;

-- ----------------------------
-- Records of m_barang
-- ----------------------------
INSERT INTO `m_barang` VALUES (1, 'Acuu Mobil', 300000.00, 350000.00, '2021-07-10 11:50:43', '2021-07-10 12:07:13', NULL, 11.00, 1);
INSERT INTO `m_barang` VALUES (2, 'Ban Mobil', 500000.00, 550000.00, '2021-07-17 19:05:24', NULL, NULL, 20.00, 1);

-- ----------------------------
-- Table structure for m_customer
-- ----------------------------
DROP TABLE IF EXISTS `m_customer`;
CREATE TABLE `m_customer`  (
  `id` int(32) NOT NULL AUTO_INCREMENT,
  `nama_customer` varchar(255) CHARACTER SET utf8mb4 COLLATE utf8mb4_general_ci NULL DEFAULT NULL,
  `alamat` varchar(500) CHARACTER SET utf8mb4 COLLATE utf8mb4_general_ci NULL DEFAULT NULL,
  `telp` varchar(255) CHARACTER SET utf8mb4 COLLATE utf8mb4_general_ci NULL DEFAULT NULL,
  `created_at` datetime(0) NULL DEFAULT NULL,
  `updated_at` datetime(0) NULL DEFAULT NULL,
  `deleted_at` datetime(0) NULL DEFAULT NULL,
  PRIMARY KEY (`id`) USING BTREE
) ENGINE = InnoDB AUTO_INCREMENT = 3 CHARACTER SET = utf8mb4 COLLATE = utf8mb4_general_ci ROW_FORMAT = DYNAMIC;

-- ----------------------------
-- Records of m_customer
-- ----------------------------
INSERT INTO `m_customer` VALUES (1, 'Selly Puspita', 'Jl. Tegalsari No. 8', '08972364623', NULL, NULL, NULL);
INSERT INTO `m_customer` VALUES (2, 'Agus Purnomo', 'Jl. Demak Pegangsari No. 10', '0812472374', NULL, NULL, NULL);

-- ----------------------------
-- Table structure for m_kategori_barang
-- ----------------------------
DROP TABLE IF EXISTS `m_kategori_barang`;
CREATE TABLE `m_kategori_barang`  (
  `id` int(32) NOT NULL AUTO_INCREMENT,
  `nama_kategori` varchar(255) CHARACTER SET utf8mb4 COLLATE utf8mb4_general_ci NULL DEFAULT NULL,
  `is_aktif` varchar(5) CHARACTER SET utf8mb4 COLLATE utf8mb4_general_ci NULL DEFAULT NULL,
  PRIMARY KEY (`id`) USING BTREE
) ENGINE = InnoDB AUTO_INCREMENT = 4 CHARACTER SET = utf8mb4 COLLATE = utf8mb4_general_ci ROW_FORMAT = DYNAMIC;

-- ----------------------------
-- Records of m_kategori_barang
-- ----------------------------
INSERT INTO `m_kategori_barang` VALUES (1, 'Onderdil', '1');
INSERT INTO `m_kategori_barang` VALUES (2, 'Peralatan Kebersihan', '1');
INSERT INTO `m_kategori_barang` VALUES (3, 'Lainnya', '1');

-- ----------------------------
-- Table structure for m_kendaraan
-- ----------------------------
DROP TABLE IF EXISTS `m_kendaraan`;
CREATE TABLE `m_kendaraan`  (
  `id` int(32) NOT NULL AUTO_INCREMENT,
  `nama_kendaraan` varchar(255) CHARACTER SET utf8mb4 COLLATE utf8mb4_general_ci NULL DEFAULT NULL,
  `warna` varchar(255) CHARACTER SET utf8mb4 COLLATE utf8mb4_general_ci NULL DEFAULT NULL,
  `merek` varchar(255) CHARACTER SET utf8mb4 COLLATE utf8mb4_general_ci NULL DEFAULT NULL,
  `nopol` varchar(20) CHARACTER SET utf8mb4 COLLATE utf8mb4_general_ci NULL DEFAULT NULL,
  `created_at` datetime(0) NULL DEFAULT NULL,
  `updated_at` datetime(0) NULL DEFAULT NULL,
  `deleted_at` datetime(0) NULL DEFAULT NULL,
  PRIMARY KEY (`id`) USING BTREE
) ENGINE = InnoDB AUTO_INCREMENT = 4 CHARACTER SET = utf8mb4 COLLATE = utf8mb4_general_ci ROW_FORMAT = DYNAMIC;

-- ----------------------------
-- Records of m_kendaraan
-- ----------------------------
INSERT INTO `m_kendaraan` VALUES (1, 'Honda Mobilio', 'Putih', '3', 'L 1345 YZ', '2021-08-11 09:43:20', NULL, NULL);
INSERT INTO `m_kendaraan` VALUES (2, 'Pajero Sport', 'Hitam', '2', 'L 1462 KT', '2021-08-11 09:44:13', NULL, NULL);
INSERT INTO `m_kendaraan` VALUES (3, 'Kijang', 'Putih', '2', 'L 2745 KT', '2021-08-17 14:35:02', NULL, NULL);

-- ----------------------------
-- Table structure for m_mekanik
-- ----------------------------
DROP TABLE IF EXISTS `m_mekanik`;
CREATE TABLE `m_mekanik`  (
  `id` int(34) NOT NULL AUTO_INCREMENT,
  `nama_mekanik` varchar(255) CHARACTER SET utf8mb4 COLLATE utf8mb4_general_ci NULL DEFAULT NULL,
  `alamat` text CHARACTER SET utf8mb4 COLLATE utf8mb4_general_ci NULL,
  `no_telp` varchar(100) CHARACTER SET utf8mb4 COLLATE utf8mb4_general_ci NULL DEFAULT NULL,
  `jenis_kelamin` varchar(30) CHARACTER SET utf8mb4 COLLATE utf8mb4_general_ci NULL DEFAULT NULL,
  `email` varchar(100) CHARACTER SET utf8mb4 COLLATE utf8mb4_general_ci NULL DEFAULT NULL,
  `created_at` datetime(0) NULL DEFAULT NULL,
  `updated_at` datetime(0) NULL DEFAULT NULL,
  `deleted_at` datetime(0) NULL DEFAULT NULL,
  `img_foto` varchar(500) CHARACTER SET utf8mb4 COLLATE utf8mb4_general_ci NULL DEFAULT NULL,
  PRIMARY KEY (`id`) USING BTREE
) ENGINE = InnoDB AUTO_INCREMENT = 2 CHARACTER SET = utf8mb4 COLLATE = utf8mb4_general_ci ROW_FORMAT = DYNAMIC;

-- ----------------------------
-- Records of m_mekanik
-- ----------------------------
INSERT INTO `m_mekanik` VALUES (1, 'Abdul Somad', 'Jl. Raya Banyuurip Surabaya tes tes', '08523752366', 'L', 'abdul@gmail.com', '2021-06-13 20:00:12', '2021-06-14 20:15:22', NULL, NULL);

-- ----------------------------
-- Table structure for m_menu
-- ----------------------------
DROP TABLE IF EXISTS `m_menu`;
CREATE TABLE `m_menu`  (
  `id` int(11) NOT NULL,
  `id_parent` int(11) NOT NULL,
  `nama` varchar(255) CHARACTER SET latin1 COLLATE latin1_swedish_ci NULL DEFAULT NULL,
  `judul` varchar(255) CHARACTER SET latin1 COLLATE latin1_swedish_ci NULL DEFAULT NULL,
  `link` varchar(255) CHARACTER SET latin1 COLLATE latin1_swedish_ci NULL DEFAULT NULL,
  `icon` varchar(255) CHARACTER SET latin1 COLLATE latin1_swedish_ci NULL DEFAULT NULL,
  `aktif` int(1) NULL DEFAULT NULL,
  `tingkat` int(11) NULL DEFAULT NULL,
  `urutan` int(11) NULL DEFAULT NULL,
  `add_button` int(1) NULL DEFAULT NULL,
  `edit_button` int(1) NULL DEFAULT NULL,
  `delete_button` int(1) NULL DEFAULT NULL,
  PRIMARY KEY (`id`) USING BTREE
) ENGINE = InnoDB CHARACTER SET = latin1 COLLATE = latin1_swedish_ci ROW_FORMAT = COMPACT;

-- ----------------------------
-- Records of m_menu
-- ----------------------------
INSERT INTO `m_menu` VALUES (1, 0, 'Dashboard', 'Dashboard', 'home', 'flaticon2-architecture-and-city', 1, 1, 1, 0, 0, 0);
INSERT INTO `m_menu` VALUES (2, 0, 'Setting (Administrator)', 'Setting', NULL, 'flaticon2-gear', 1, 1, 5, 0, 0, 0);
INSERT INTO `m_menu` VALUES (3, 2, 'Setting Menu', 'Setting Menu', 'set_menu', 'flaticon-grid-menu', 1, 2, 2, 1, 1, 1);
INSERT INTO `m_menu` VALUES (4, 2, 'Setting Role', 'Setting Role', 'set_role', 'flaticon-network', 1, 2, 1, 1, 1, 1);
INSERT INTO `m_menu` VALUES (6, 0, 'Master', 'Master', '', 'flaticon-folder-1', 1, 1, 2, 0, 0, 0);
INSERT INTO `m_menu` VALUES (7, 6, 'Data User', 'Data User', 'master_user', 'flaticon-users', 1, 2, 1, 1, 1, 1);
INSERT INTO `m_menu` VALUES (8, 0, 'Transaksi', 'Transaksi', '', 'flaticon2-shopping-cart', 1, 1, 3, 0, 0, 0);
INSERT INTO `m_menu` VALUES (9, 8, 'Penjualan', 'Penjualan', 'penjualan', 'flaticon2-shopping-cart-1', 1, 2, 1, 1, 1, 1);
INSERT INTO `m_menu` VALUES (10, 6, 'Jenis Transaksi', 'Jenis Transaksi', 'master_jenis_trans', 'flaticon-folder-1', 0, 2, 1, 1, 1, 1);
INSERT INTO `m_menu` VALUES (11, 6, 'Item Transaksi', 'Item Transaksi', 'master_item_trans', 'flaticon-folder-1', 1, 2, 3, 1, 1, 1);
INSERT INTO `m_menu` VALUES (12, 6, 'Profil', 'Master Profil', 'master_profil', 'flaticon-profile', 1, 2, 5, 1, 1, 1);
INSERT INTO `m_menu` VALUES (13, 6, 'Data Member', 'Data Member', 'master_member', 'flaticon-cards', 1, 2, 6, 1, 1, 1);
INSERT INTO `m_menu` VALUES (14, 0, 'Keluhan Masuk', 'Keluhan Masuk', 'kendaraan', 'flaticon2-download', 1, 1, 4, 0, 0, 0);
INSERT INTO `m_menu` VALUES (15, 14, 'Tambah Kendaraan dan Keluhan', 'Tambah Kendaraan dan Keluhan', 'kendaraan', 'flaticon2-plus', 1, 2, 1, 1, 1, 1);
INSERT INTO `m_menu` VALUES (16, 6, 'Data Merek Mobil', 'Data Merek Mobil', 'master_merek', 'flaticon-file-2', 1, 2, 6, 1, 1, 1);
INSERT INTO `m_menu` VALUES (17, 6, 'Data Mekanik', 'Data Mekanik', 'master_mekanik', 'flaticon-users-1', 1, 2, 7, 1, 1, 1);
INSERT INTO `m_menu` VALUES (18, 14, 'List Kendaraan Masuk', 'List Kendaraan Masuk', 'kendaraan/view_kendaraan', 'flaticon-list', 1, 2, 2, 1, 1, 1);
INSERT INTO `m_menu` VALUES (19, 6, 'Data Barang', 'Data Barang', 'master_barang', 'flaticon-price-tag', 1, 2, 8, 1, 1, 1);
INSERT INTO `m_menu` VALUES (20, 14, 'List Kendaraan Selesai', 'List Kendaraan Selesai', 'kendaraan/view_kendaraan_selesai', 'flaticon-interface-5', 1, 2, 3, 1, 1, 1);
INSERT INTO `m_menu` VALUES (21, 6, 'Data Pekerjaan (WO)', 'Data Pekerjaan (WO)', 'master_pekerjaan', 'flaticon-list', 1, 2, 9, 1, 1, 1);

-- ----------------------------
-- Table structure for m_merek
-- ----------------------------
DROP TABLE IF EXISTS `m_merek`;
CREATE TABLE `m_merek`  (
  `id` int(32) NOT NULL AUTO_INCREMENT,
  `nama_merek` varchar(100) CHARACTER SET utf8mb4 COLLATE utf8mb4_general_ci NULL DEFAULT NULL,
  `chasis` varchar(100) CHARACTER SET utf8mb4 COLLATE utf8mb4_general_ci NULL DEFAULT NULL,
  `created_at` datetime(0) NULL DEFAULT NULL,
  `updated_at` datetime(0) NULL DEFAULT NULL,
  `deleted_at` datetime(0) NULL DEFAULT NULL,
  PRIMARY KEY (`id`) USING BTREE
) ENGINE = InnoDB AUTO_INCREMENT = 5 CHARACTER SET = utf8mb4 COLLATE = utf8mb4_general_ci ROW_FORMAT = DYNAMIC;

-- ----------------------------
-- Records of m_merek
-- ----------------------------
INSERT INTO `m_merek` VALUES (1, 'Toyota', 'Jepang', '2021-06-13 18:43:48', '2021-06-13 18:54:49', NULL);
INSERT INTO `m_merek` VALUES (2, 'Mitsubishi', 'Jepang', '2021-06-13 18:46:12', NULL, NULL);
INSERT INTO `m_merek` VALUES (3, 'Honda', 'Jepang', '2021-06-13 19:29:08', NULL, NULL);
INSERT INTO `m_merek` VALUES (4, 'BMW', 'India', '2021-08-17 14:28:55', '2021-08-17 14:33:49', NULL);

-- ----------------------------
-- Table structure for m_pekerjaan
-- ----------------------------
DROP TABLE IF EXISTS `m_pekerjaan`;
CREATE TABLE `m_pekerjaan`  (
  `id` int(32) NOT NULL AUTO_INCREMENT,
  `type_wo` varchar(255) CHARACTER SET utf8mb4 COLLATE utf8mb4_general_ci NULL DEFAULT NULL,
  `nama_pekerjaan` varchar(500) CHARACTER SET utf8mb4 COLLATE utf8mb4_general_ci NULL DEFAULT NULL,
  `created_at` datetime(0) NULL DEFAULT NULL,
  `updated_at` datetime(0) NULL DEFAULT NULL,
  `deleted_at` datetime(0) NULL DEFAULT NULL,
  PRIMARY KEY (`id`) USING BTREE
) ENGINE = InnoDB AUTO_INCREMENT = 202 CHARACTER SET = utf8mb4 COLLATE = utf8mb4_general_ci ROW_FORMAT = DYNAMIC;

-- ----------------------------
-- Records of m_pekerjaan
-- ----------------------------
INSERT INTO `m_pekerjaan` VALUES (1, 'ISP ', 'PERIKSA ROLLER SUN BLIND PINTU BELAKANG KIRI TIDAK BISA NUTUP RAPAT', NULL, NULL, NULL);
INSERT INTO `m_pekerjaan` VALUES (2, 'ISP ', 'PERIKSA STOWAGE COMPARTEMENT DIBUKA TUTUP BUNYI', NULL, NULL, NULL);
INSERT INTO `m_pekerjaan` VALUES (3, 'ISP ', 'ENGINE TUNE UP MESIN NGELITIK ( NOTE BBM PERTAMAX TURBO )', NULL, NULL, NULL);
INSERT INTO `m_pekerjaan` VALUES (4, 'ISP ', 'PERIKSA / PERBAIKI WIPER BUNYI / KURANG BERSIH', NULL, NULL, NULL);
INSERT INTO `m_pekerjaan` VALUES (5, 'ISP ', 'PERIKSA / PERBAIKI BUNYI2 BAG BELAKANG SAAT MELEWATI JALAN GUNDUKAN DUK2', NULL, NULL, NULL);
INSERT INTO `m_pekerjaan` VALUES (6, 'ISP ', 'PERIKSA / PERBAIKI ADA BUNYI2 BAG DEPAN SAAT LEWAT JALAN POSISI TIDUR ( GREK2 )', NULL, NULL, NULL);
INSERT INTO `m_pekerjaan` VALUES (7, 'ISP ', 'PERIKSA KONDISI DAN KAPASITAS BATTERY, MESIN TIDAK BISA DISTARTER', NULL, NULL, NULL);
INSERT INTO `m_pekerjaan` VALUES (8, 'ISP ', 'KIRIM MEKANIK KE JL UNTUNG SUROPATI 29 SURABAYA DAN TOWING KENDARAAN', NULL, NULL, NULL);
INSERT INTO `m_pekerjaan` VALUES (9, 'ISP ', 'SERVICE B WITH PLUS PACKAGE OIL CHANGE + FILTER ( CODE 606 )', NULL, NULL, NULL);
INSERT INTO `m_pekerjaan` VALUES (10, 'R ', 'GANTI REGULATOR POWER WINDOW PINTU DEPAN KANAN + RIVET', NULL, NULL, NULL);
INSERT INTO `m_pekerjaan` VALUES (11, 'FOC ', 'VEHICLE SURFACE WASH PERFORM', NULL, NULL, NULL);
INSERT INTO `m_pekerjaan` VALUES (12, 'R ', 'PERIKSA AC SYSTEM TIDAK DINGIN, TEST KEBOCORAN, TEKANAN DAN KAPASITAS FREON ( NOTE HARUS GANTI COMPRESSOR AC, EXPANSI VALVE, BOTOLAN AC ( DRIER ), SEAL-SEAL DAN CONDENSOR AC )', NULL, NULL, NULL);
INSERT INTO `m_pekerjaan` VALUES (13, 'FOC ', 'VEHICLE SURFACE WASH PERFORM', NULL, NULL, NULL);
INSERT INTO `m_pekerjaan` VALUES (14, 'R ', 'PERIKSA / PERBAIKI CENTRAL LOCK DEPAN KANAN TIDAK FUNGSI / MACET, CHECK SYSTEM ELECTRIC DAN SYSTEM PNEUMATIC VACUM, GANTI VACUM CENTRAL LOCK PINTU DEPAN RH + ROOD, RESET DENGAN STARDIAGNOSIS', NULL, NULL, NULL);
INSERT INTO `m_pekerjaan` VALUES (15, 'FOC ', 'VEHICLE SURFACE WASH PERFORM', NULL, NULL, NULL);
INSERT INTO `m_pekerjaan` VALUES (16, 'ISP ', 'SERVICE A WITH PLUS PACKAGE OIL CHANGE + FILTER ( CODE 505 )', NULL, NULL, NULL);
INSERT INTO `m_pekerjaan` VALUES (17, 'R ', 'GANTI LIST CHROOME BUMPER DEPAN KANAN', NULL, NULL, NULL);
INSERT INTO `m_pekerjaan` VALUES (18, 'FOC ', 'VEHICLE SURFACE WASH PERFORM', NULL, NULL, NULL);
INSERT INTO `m_pekerjaan` VALUES (19, 'FOC ', 'VEHICLE SURFACE WASH PERFORM', NULL, NULL, NULL);
INSERT INTO `m_pekerjaan` VALUES (20, 'R ', 'CAT SPAKBOARD BELAKANG RH', NULL, NULL, NULL);
INSERT INTO `m_pekerjaan` VALUES (21, 'ISP ', 'PERIKSA / PERBAIKI LAMP DEPAN KANAN + KIRI NGEMBUN SAAT HUJAN', NULL, NULL, NULL);
INSERT INTO `m_pekerjaan` VALUES (22, 'ISP ', 'SERVICE REPLACE COMBINATION FILTER', NULL, NULL, NULL);
INSERT INTO `m_pekerjaan` VALUES (23, 'ISP ', 'REPLACE BRAKE FLUID', NULL, NULL, NULL);
INSERT INTO `m_pekerjaan` VALUES (24, 'ISP ', 'SERVICE A1 WITH PLUS PACKAGE LUBRICATION ENGINE OIL AND FILTER CHANGE ( CODE D0D )', NULL, NULL, NULL);
INSERT INTO `m_pekerjaan` VALUES (25, 'R ', 'PERIKSA DAN PERBAIKI SUARA MESIN KASAR / LUMASI V.BELT', NULL, NULL, NULL);
INSERT INTO `m_pekerjaan` VALUES (26, 'FOC ', 'VEHICLE SURFACE WASH PERFORM', NULL, NULL, NULL);
INSERT INTO `m_pekerjaan` VALUES (27, 'R ', 'PERBAIKI AC SYSTEM ANGIN UDARA AC KELUARNYA PELAN / GANTI FILTER BLOWER AC', NULL, NULL, NULL);
INSERT INTO `m_pekerjaan` VALUES (28, 'R ', 'PERBAIKI ELEKTRIK SYSTEM, MESIN TIDAK BISA DI STARTER ( KUNCI TIDAK BISA DICABUT ), SHORT TEST CHECK ELECTRICAL SYSTEM / GANTI STEERING LOCK + EIS + RESET DENGAN STARDIAGNOSIS', NULL, NULL, NULL);
INSERT INTO `m_pekerjaan` VALUES (29, 'FOC ', 'GANTI OLI MESIN + FILTER ( M.B.OIL )', NULL, NULL, NULL);
INSERT INTO `m_pekerjaan` VALUES (30, 'ISP ', 'PERIKSA / PERBAIKI LAMP DEPAN KANAN DAY LIGHT MATI DAN LAMP DEPAN KIRI MATI ( LAMP BESAR )', NULL, NULL, NULL);
INSERT INTO `m_pekerjaan` VALUES (31, 'ISP ', 'SERVICE REPLACE DUST FILTER, PERFORM', NULL, NULL, NULL);
INSERT INTO `m_pekerjaan` VALUES (32, 'ISP ', 'SERVICE A WITH PLUS PACKAGE OIL CHANGE + FILTER ( CODE 505 )', NULL, NULL, NULL);
INSERT INTO `m_pekerjaan` VALUES (33, 'FOC ', 'GANTI COVER BANGKU DEPAN KANAN BAG LUAR ( PART BAWA SENDIRI ) LANJUTAN WO: 1594, INVOICE: 1333 - 30/11/2017', NULL, NULL, NULL);
INSERT INTO `m_pekerjaan` VALUES (34, 'R ', 'GANTI INSTRUMENT CLUSTER ( ANGKA SPEEDO METER TIDAK NYALA )', NULL, NULL, NULL);
INSERT INTO `m_pekerjaan` VALUES (35, 'FOC ', 'VEHICLE SURFACE WASH PERFORM', NULL, NULL, NULL);
INSERT INTO `m_pekerjaan` VALUES (36, 'R ', 'CAT BUMPER DEPAN, BUMPER BELAKANG, SPAKBOARD DEPAN LH, PINTU DEPAN LH, PINTU BELAKANG LH, COVER TRIPLANG RH, COVER TRIPLANG LH, KAP BAGASI , SPAKBOARD BELAKANG ( QUARTER PANEL ) RH, SPAKBOARD BELAKANG ( QUARTER PANEL ) LH', NULL, NULL, NULL);
INSERT INTO `m_pekerjaan` VALUES (37, 'ISP ', 'PERIKSA / PERBAIKI INDIKATOR AUXILIARY BATTERY NYALA', NULL, NULL, NULL);
INSERT INTO `m_pekerjaan` VALUES (38, 'ISP ', 'SERVICE B. REPLACE BRAKE FLUID', NULL, NULL, NULL);
INSERT INTO `m_pekerjaan` VALUES (39, 'ISP ', 'SERVICE B1 WITH PLUS PACKAGE LUBRICATION ENGINE OIL AND FILTER CHANGE ( CODE E0E )', NULL, NULL, NULL);
INSERT INTO `m_pekerjaan` VALUES (40, 'I6 ', 'PERIKSA DAN PERBAIKI CENTRAL LOCK TIDAK FUNGSI DAN KAP BAGASI TIDAK BISA DI BUKA ( EX GANTI AIR PUMP TGL 5-10-2017 KM: 22625 )', NULL, NULL, NULL);
INSERT INTO `m_pekerjaan` VALUES (41, 'FOC ', 'SERVICE B WITH PLUS PACKAGE LUBRICATION ENGINE OIL AND FILTER CHANGE ( CODE 606 )', NULL, NULL, NULL);
INSERT INTO `m_pekerjaan` VALUES (42, 'FOC ', 'VEHICLE SURFACE WASH PERFORM', NULL, NULL, NULL);
INSERT INTO `m_pekerjaan` VALUES (43, 'ISP ', 'SERVICE B. REPLACE BRAKE FLUID', NULL, NULL, NULL);
INSERT INTO `m_pekerjaan` VALUES (44, 'ISP ', 'SERVICE REPLACE DUST FILTER, PERFORM', NULL, NULL, NULL);
INSERT INTO `m_pekerjaan` VALUES (45, 'ISP ', 'SERVICE B1 WITH PLUS PACKAGE OIL CHANGE + FILTER ( CODE E0E )', NULL, NULL, NULL);
INSERT INTO `m_pekerjaan` VALUES (46, 'ISP ', 'PERIKSA DAN PERBAIKI BODY BAGIAN DALAM BUNYI SAAT LEWAT JALAN TIDAK RATA KECEPATAN 20KM/JM', NULL, NULL, NULL);
INSERT INTO `m_pekerjaan` VALUES (47, 'ISP ', 'SERVICE B. REPLACE BRAKE FLUID', NULL, NULL, NULL);
INSERT INTO `m_pekerjaan` VALUES (48, 'ISP ', 'SERVICE B1 WITH PLUS PACKAGE ( GANTI OLI MESIN + FILTER, M.B.OIL ) ( CODE E0E )', NULL, NULL, NULL);
INSERT INTO `m_pekerjaan` VALUES (49, 'ISP ', 'PERIKSA DAN PERBAIKI INDIKATOR BATTERY STOP VIHICLE SHIPT TO P LEAVE ENGINE RUNNING NYALA', NULL, NULL, NULL);
INSERT INTO `m_pekerjaan` VALUES (50, 'R ', 'REPLACE BRAKE FLUID', NULL, NULL, NULL);
INSERT INTO `m_pekerjaan` VALUES (51, 'FOC ', 'VEHICLE SURFACE WASH PERFORM', NULL, NULL, NULL);
INSERT INTO `m_pekerjaan` VALUES (52, 'FOC ', 'SERVICE B WITH OIL CHANGE + FILTER ( CODE V0V )', NULL, NULL, NULL);
INSERT INTO `m_pekerjaan` VALUES (53, 'R ', 'GANTI ROLLER BLIND LACI TENGAH', NULL, NULL, NULL);
INSERT INTO `m_pekerjaan` VALUES (54, 'FOC ', 'VEHICLE SURFACE WASH PERFORM', NULL, NULL, NULL);
INSERT INTO `m_pekerjaan` VALUES (55, 'ISP ', 'SERVICE B WITH PLUS PACKAGE OIL CHANGE + FILTER ( CODE 606 )', NULL, NULL, NULL);
INSERT INTO `m_pekerjaan` VALUES (56, 'R ', 'GANTI SLANG BOOSTER REM', NULL, NULL, NULL);
INSERT INTO `m_pekerjaan` VALUES (57, 'FOC ', 'VEHICLE SURFACE WASH PERFORM', NULL, NULL, NULL);
INSERT INTO `m_pekerjaan` VALUES (58, 'R ', 'GANTI EXTRA PULLY DAN BELT TENSIONER', NULL, NULL, NULL);
INSERT INTO `m_pekerjaan` VALUES (59, 'ISP ', 'CHECK ONDERSTEL DEPAN + BLK BUNYI, BILA LEWAT GUNDUKAN KECEPATAN 10KM/JM', NULL, NULL, NULL);
INSERT INTO `m_pekerjaan` VALUES (60, 'ISP ', 'PERIKSA KAMPAS REM, REM KURANG PAKEM DAN BUNYI', NULL, NULL, NULL);
INSERT INTO `m_pekerjaan` VALUES (61, 'R ', 'BUAT ESTIMASI HARGA PART ( KACA BELAKANG )', NULL, NULL, NULL);
INSERT INTO `m_pekerjaan` VALUES (62, 'R ', 'BUAT ESTIMASI PENGGANTIAN KACA DEPAN PECAH', NULL, NULL, NULL);
INSERT INTO `m_pekerjaan` VALUES (63, 'FOC ', 'VEHICLE SURFACE WASH PERFORM', NULL, NULL, NULL);
INSERT INTO `m_pekerjaan` VALUES (64, 'R ', 'PERBAIKI KUNCI PINTU DEPAN KIRI TIDAK BISA NGUNCI / CHECK SYSTEM ELECTRIC GANTI BATTERY REMOTE', NULL, NULL, NULL);
INSERT INTO `m_pekerjaan` VALUES (65, 'FOC ', 'VEHICLE SURFACE WASH PERFORM', NULL, NULL, NULL);
INSERT INTO `m_pekerjaan` VALUES (66, 'R ', 'PERIKSA KANVAS REM, INDIKATOR CHECK BRAKE PAD WEAR NYALA / GANTI KANVAS REM DEPAN, KANVAS REM BELAKANG + KABEL INDICATOR', NULL, NULL, NULL);
INSERT INTO `m_pekerjaan` VALUES (67, 'R ', 'CLEAN LUBRICATE PANORAMIC SLIDING SUN ROOF MECHANICAL COMPONENTS', NULL, NULL, NULL);
INSERT INTO `m_pekerjaan` VALUES (68, 'FOC ', 'GANTI OLI MESIN + FILTER M.B.OIL ( CODE 860E )', NULL, NULL, NULL);
INSERT INTO `m_pekerjaan` VALUES (69, 'ISP ', 'SERVICE REPLACE DUST FILTER, PERFORM', NULL, NULL, NULL);
INSERT INTO `m_pekerjaan` VALUES (70, 'ISP ', 'SERVICE A WITH PLUS PACKAGE ( GANTI OLI MESIN + FILTER, M.B.OIL ( CODE 505 )', NULL, NULL, NULL);
INSERT INTO `m_pekerjaan` VALUES (71, 'ISP ', 'PERIKSA WIPER BLADE TIDAK BERSIH', NULL, NULL, NULL);
INSERT INTO `m_pekerjaan` VALUES (72, 'ISP ', 'PERIKSA REM BUNYI BERDERIT', NULL, NULL, NULL);
INSERT INTO `m_pekerjaan` VALUES (73, 'ISP ', 'PERIKSA SEMUA PINTU BUNYI KRIET-KRIET BILA LEWAT JALAN TIDAK RATA KECEPATAN 20KM/JM', NULL, NULL, NULL);
INSERT INTO `m_pekerjaan` VALUES (74, 'ISP ', 'PERIKSA STEL PINTU DEPAN KIRI, KALAU DITUTUP KERAS / TIDAK RAPAT', NULL, NULL, NULL);
INSERT INTO `m_pekerjaan` VALUES (75, 'ISP ', 'SERVICE B. REPLACE BRAKE FLUID', NULL, NULL, NULL);
INSERT INTO `m_pekerjaan` VALUES (76, 'ISP ', 'SERVICE REPLACE DUST FILTER, PERFORM', NULL, NULL, NULL);
INSERT INTO `m_pekerjaan` VALUES (77, 'ISP ', 'SERVICE B1 WITH PLUS PACKAGE OIL CHANGE + FILTER ( CODE E0E )', NULL, NULL, NULL);
INSERT INTO `m_pekerjaan` VALUES (78, 'R ', 'GANTI KACA DEPAN', NULL, NULL, NULL);
INSERT INTO `m_pekerjaan` VALUES (79, 'FOC ', 'SERVICE F WITH OIL CHANGE + FILTER ( CODE 1Q0MEI )', NULL, NULL, NULL);
INSERT INTO `m_pekerjaan` VALUES (80, 'FOC ', 'VEHICLE SURFACE WASH PERFORM', NULL, NULL, NULL);
INSERT INTO `m_pekerjaan` VALUES (81, 'FOC ', 'SERVICE B ASSYST LUBRICATION ENGINE OIL AND FILTER CHANGE', NULL, NULL, NULL);
INSERT INTO `m_pekerjaan` VALUES (82, 'R ', 'STEL MESIN, SAAT JALAN NYENDAT-NYENDAT, SHORT TEST CHECK SYSTEM ELECTRIC, GANTI COIL, 2 COP BUSI, BUSI, FILTER UDARA', NULL, NULL, NULL);
INSERT INTO `m_pekerjaan` VALUES (83, 'FOC ', 'VEHICLE SURFACE WASH PERFORM', NULL, NULL, NULL);
INSERT INTO `m_pekerjaan` VALUES (84, 'ISP ', 'PERIKSA INDICATOR AUXILIARY BATTERY NYALA', NULL, NULL, NULL);
INSERT INTO `m_pekerjaan` VALUES (85, 'R ', 'SERVICE B. REPLACE BRAKE FLUID', NULL, NULL, NULL);
INSERT INTO `m_pekerjaan` VALUES (86, 'FOC ', 'VEHICLE SURFACE WASH PERFORM', NULL, NULL, NULL);
INSERT INTO `m_pekerjaan` VALUES (87, 'FOC ', 'SERVICE B5 WITH PLUS PACKAGE ( CODE 3E0H )', NULL, NULL, NULL);
INSERT INTO `m_pekerjaan` VALUES (88, 'R ', 'BUAT ESTIMASI PENGGANTIAN AUXILIARRY BATTERY', NULL, NULL, NULL);
INSERT INTO `m_pekerjaan` VALUES (89, 'FOC ', 'PEMBALIAN SPARE PARTS : ( 1 PC GRILLE FOG LAMP LH DAN 1 PC CROOM FOG LAMP LH )', NULL, NULL, NULL);
INSERT INTO `m_pekerjaan` VALUES (90, 'R ', 'GESEK NO RANGKA DAN MESIN DI KERTAS BIASA 3X', NULL, NULL, NULL);
INSERT INTO `m_pekerjaan` VALUES (91, 'FOC ', 'VEHICLE SURFACE WASH PERFORM', NULL, NULL, NULL);
INSERT INTO `m_pekerjaan` VALUES (92, 'ISP ', 'PERIKSA / PERBAIKI WIPER BLADE BUNYI / KURANG BERSIH', NULL, NULL, NULL);
INSERT INTO `m_pekerjaan` VALUES (93, 'ISP ', 'PERIKSA / PERBAIKI INDIKATOR KEY BATTERY NYALA', NULL, NULL, NULL);
INSERT INTO `m_pekerjaan` VALUES (94, 'ISP ', 'SERVICE REPLACE DUST FILTER, PERFORM', NULL, NULL, NULL);
INSERT INTO `m_pekerjaan` VALUES (95, 'ISP ', 'SERVICE A WITH PLUS PACKAGE LUBRICATION ENGINE OIL AND FILTER CHANGE ( CODE 505 )', NULL, NULL, NULL);
INSERT INTO `m_pekerjaan` VALUES (96, 'ISP ', 'BATTERY TEST', NULL, NULL, NULL);
INSERT INTO `m_pekerjaan` VALUES (97, 'ISP ', 'SHORT TEST, PERFORM', NULL, NULL, NULL);
INSERT INTO `m_pekerjaan` VALUES (98, 'ISP ', 'P.D.I', NULL, NULL, NULL);
INSERT INTO `m_pekerjaan` VALUES (99, 'R ', 'PERIKSA AIR WIPER TIDAK KELUAR / GANTI MOTOR POMPA WIPER LAMPU, MOTOR POMPA WIPER KACA + SEAL-SEAL', NULL, NULL, NULL);
INSERT INTO `m_pekerjaan` VALUES (100, 'FOC ', 'VEHICLE SURFACE WASH PERFORM', NULL, NULL, NULL);
INSERT INTO `m_pekerjaan` VALUES (101, 'R ', 'BELI SPARE PART WIPER BLADE 1 PC', NULL, NULL, NULL);
INSERT INTO `m_pekerjaan` VALUES (102, 'R ', 'BUAT ESTIMASI EX EXSIDENT SPAKBOARD DEPAN KIRI + PINTU DEPAN KIRI TRIPLANG', NULL, NULL, NULL);
INSERT INTO `m_pekerjaan` VALUES (103, 'FOC ', 'SERVICE A WITH OIL CHANGE + FILTER ( CODE 505 )', NULL, NULL, NULL);
INSERT INTO `m_pekerjaan` VALUES (104, 'FOC ', 'VEHICLE SURFACE WASH PERFORM', NULL, NULL, NULL);
INSERT INTO `m_pekerjaan` VALUES (105, 'ISP ', 'PERIKSA DAN PERBAIKI AC SYSTEM, ANGIN AC KELUARNYA PELAN', NULL, NULL, NULL);
INSERT INTO `m_pekerjaan` VALUES (106, 'ISP ', 'REPLACE BRAKE FLUID', NULL, NULL, NULL);
INSERT INTO `m_pekerjaan` VALUES (107, 'ISP ', 'SERVICE A1 WITH PLUS PACKAGE ( GANTI OLI MESIN + FILTER M.B.OIL ) ( CODE D0D )', NULL, NULL, NULL);
INSERT INTO `m_pekerjaan` VALUES (108, 'ISP ', 'PERIKSA DAN STEL MESIN, MESIN STASIONER PINCANG', NULL, NULL, NULL);
INSERT INTO `m_pekerjaan` VALUES (109, 'ISP ', 'PERIKSA DAN PERBAIKI ONDERSTEL DEPAN DAN BELAKANG BUNYI SAAT MELEWATI JALAN TIDAK RATA KECEPATAN 30KM/JM', NULL, NULL, NULL);
INSERT INTO `m_pekerjaan` VALUES (110, 'ISP ', 'PERIKSA / PERBAIKI INDIKATOR FRONT RIGHT + RIGHT DAY TIME DRIVING LAMP + FRONT RIGHT PARKING LAMP NYALA', NULL, NULL, NULL);
INSERT INTO `m_pekerjaan` VALUES (111, 'FOC ', 'GANTI BAN DEPAN 2 PCS PIRELLI P.ZERO RTF 245/40 R20', NULL, NULL, NULL);
INSERT INTO `m_pekerjaan` VALUES (112, 'FOC ', 'GANTI BAN BELAKANG 2 PCS PIRELLI P.ZERO RTF 275/35 R20', NULL, NULL, NULL);
INSERT INTO `m_pekerjaan` VALUES (113, 'FOC ', 'SERVICE B WITH OIL CHANGE + FILTER ( CODE 606 )', NULL, NULL, NULL);
INSERT INTO `m_pekerjaan` VALUES (114, 'FOC ', 'VEHICLE SURFACE WASH PERFORM', NULL, NULL, NULL);
INSERT INTO `m_pekerjaan` VALUES (115, 'ISP ', 'PERBAIKI SKEP UDARA AC BILA AC DINYALAKAN / DI MATIKAN BUNYI', NULL, NULL, NULL);
INSERT INTO `m_pekerjaan` VALUES (116, 'ISP ', 'PERIKSA DAN PERBAIKI STEERING SYSTEM BILA STEER DIPUTAR KANAN / KIRI BUNYI', NULL, NULL, NULL);
INSERT INTO `m_pekerjaan` VALUES (117, 'R ', 'PERIKSA INDICATOR ESP,ABS NYALA, SHORT TEST, CHECK SYSTEM ELECTRIC ESP/ABS , GANTI SPEED SENSOR DEPAN LH / RH', NULL, NULL, NULL);
INSERT INTO `m_pekerjaan` VALUES (118, 'FOC ', 'VEHICLE SURFACE WASH PERFORM', NULL, NULL, NULL);
INSERT INTO `m_pekerjaan` VALUES (119, 'ISP ', 'PERIKSA DAN PERBAIKI COVER LOUDSPEAKER PADA PINTU DEPAN ATAS KARATAN ( KIRI )', NULL, NULL, NULL);
INSERT INTO `m_pekerjaan` VALUES (120, 'ISP ', 'PERBAIKI COVER LACI PADA CONSUL TIDAK BISA DITUTUP ( MACET )', NULL, NULL, NULL);
INSERT INTO `m_pekerjaan` VALUES (121, 'FOC ', 'SERVICE E WITH OIL CHANGE + FILTER ( CODE 19W081 )', NULL, NULL, NULL);
INSERT INTO `m_pekerjaan` VALUES (122, 'FOC ', 'VEHICLE SURFACE WASH PERFORM', NULL, NULL, NULL);
INSERT INTO `m_pekerjaan` VALUES (123, 'R ', 'BERSIHKAN FILTER BLOWER AC < BERSIHKAN FILTER BLOWER AC, BONGKAR PASANG DECK >', NULL, NULL, NULL);
INSERT INTO `m_pekerjaan` VALUES (124, 'FOC ', 'VEHICLE SURFACE WASH PERFORM', NULL, NULL, NULL);
INSERT INTO `m_pekerjaan` VALUES (125, 'FOC ', 'SERVICE A0 WITH PLUS PACKAGE LUBRICATION ENGINE OIL CHANGE ( CODE 850D )', NULL, NULL, NULL);
INSERT INTO `m_pekerjaan` VALUES (126, 'R ', 'GANTI PANGKON MESIN LH / RH + PANGKON VERSNELLING', NULL, NULL, NULL);
INSERT INTO `m_pekerjaan` VALUES (127, 'R ', 'PERIKSA / PERBAIKI ADA BUNYI-BUNYI BAG DEPAN SAAT LEWAT JALAN GELOMBANG / POLISI TIDUR ( SAAT BELOK ) KRIET -KRIET / GANTI LINKAGE DEPAN LH / RH, TRUST ARM DEPAN RH + BUSHING TRUST ARM DEPAN RH', NULL, NULL, NULL);
INSERT INTO `m_pekerjaan` VALUES (128, 'FOC ', 'VEHICLE SURFACE WASH PERFORM', NULL, NULL, NULL);
INSERT INTO `m_pekerjaan` VALUES (129, 'R ', 'SERVICE B. REPLACE BRAKE FLUID', NULL, NULL, NULL);
INSERT INTO `m_pekerjaan` VALUES (130, 'FOC ', 'VEHICLE SURFACE WASH PERFORM', NULL, NULL, NULL);
INSERT INTO `m_pekerjaan` VALUES (131, 'FOC ', 'SERVICE B1 WITH OIL CHANGE + FILTER ( CODE E0E )', NULL, NULL, NULL);
INSERT INTO `m_pekerjaan` VALUES (132, 'ISP ', 'PERIKSA WIPER BLADE TIDAK BERSIH DAN BUNYI', NULL, NULL, NULL);
INSERT INTO `m_pekerjaan` VALUES (133, 'FOC ', 'PEMBELIAN SPARE PART BAUT RODA 1 PC', NULL, NULL, NULL);
INSERT INTO `m_pekerjaan` VALUES (134, 'R ', 'GANTI ARM DEPAN BAWAH KIRI - KANAN', NULL, NULL, NULL);
INSERT INTO `m_pekerjaan` VALUES (135, 'FOC ', 'VEHICLE SURFACE WASH PERFORM', NULL, NULL, NULL);
INSERT INTO `m_pekerjaan` VALUES (136, 'R ', 'GANTI FILTER ELEMENT', NULL, NULL, NULL);
INSERT INTO `m_pekerjaan` VALUES (137, 'R ', 'GANTI WIPER BLADE', NULL, NULL, NULL);
INSERT INTO `m_pekerjaan` VALUES (138, 'R ', 'BUAT ESTIMASI GANTI KANVAS REM DEPAN + BELAKANG DAN KABEL INDICATOR', NULL, NULL, NULL);
INSERT INTO `m_pekerjaan` VALUES (139, 'R ', 'PERIKSA INDICATOR ACTIVE LIGHT SYSTEM INOPERATIVE NYALA, SHORT TEST CHECK SYSTEM ELECTRIC GANTI CONTROL UNIT LAMPU LH + RESET DENGAN STARDIAGNOSIS', NULL, NULL, NULL);
INSERT INTO `m_pekerjaan` VALUES (140, 'FOC ', 'VEHICLE SURFACE WASH PERFORM', NULL, NULL, NULL);
INSERT INTO `m_pekerjaan` VALUES (141, 'R ', 'GANTI SPION KECIL RH ( PECAH )', NULL, NULL, NULL);
INSERT INTO `m_pekerjaan` VALUES (142, 'ISP ', 'PERIKSA DAN PERBAIKI LAMPU DEPAN KANAN NGEMBUN / ADA AIR', NULL, NULL, NULL);
INSERT INTO `m_pekerjaan` VALUES (143, 'FOC ', 'SERVICE B1 WITH OIL CHANGE + FILTER ( CODE E0E )', NULL, NULL, NULL);
INSERT INTO `m_pekerjaan` VALUES (144, 'FOC ', 'VEHICLE SURFACE WASH PERFORM', NULL, NULL, NULL);
INSERT INTO `m_pekerjaan` VALUES (145, 'ISP ', 'PERIKSA BATTERY REMOTE INDIKATOR CHANGE KEY BATTERIES NYALA', NULL, NULL, NULL);
INSERT INTO `m_pekerjaan` VALUES (146, 'ISP ', 'SET KACA PINTU DEPAN KANAN TIDAK BISA NAIK SECARA OTOMATIS', NULL, NULL, NULL);
INSERT INTO `m_pekerjaan` VALUES (147, 'ISP ', 'SERVICE B. REPLACE BRAKE FLUID', NULL, NULL, NULL);
INSERT INTO `m_pekerjaan` VALUES (148, 'ISP ', 'SERVICE REPLACE DUST FILTER, PERFORM', NULL, NULL, NULL);
INSERT INTO `m_pekerjaan` VALUES (149, 'ISP ', 'SERVICE B WITH PLUS PACKAGE ( GANTI OLI MESIN + FILTER M.B.OIL ) ( CODE E0E )', NULL, NULL, NULL);
INSERT INTO `m_pekerjaan` VALUES (150, 'R ', 'KIRIM MEKANIK KE JL IMAM BONJOL 25 MOBIL TIDAK KUAT UNTUK STARTER', NULL, NULL, NULL);
INSERT INTO `m_pekerjaan` VALUES (151, 'FOC ', 'VEHICLE SURFACE WASH PERFORM', NULL, NULL, NULL);
INSERT INTO `m_pekerjaan` VALUES (152, 'R ', 'CHECK KONDISI ACCU, TEST PENGISIAN ALTERNATOR, GANTI ACCU ( LOCAL ) + RESET DENGAN STARDIAGNOSIS', NULL, NULL, NULL);
INSERT INTO `m_pekerjaan` VALUES (153, 'FOC ', 'GANTI OLI MESIN + FILTER', NULL, NULL, NULL);
INSERT INTO `m_pekerjaan` VALUES (154, 'R ', 'GANTI TABUNG AIR WIPER + SEAL - SEAL ( BOCOR )', NULL, NULL, NULL);
INSERT INTO `m_pekerjaan` VALUES (155, 'R ', 'BERSIHKAN FILTER BLOWER AC', NULL, NULL, NULL);
INSERT INTO `m_pekerjaan` VALUES (156, 'R ', 'GANTI KACA DEPAN', NULL, NULL, NULL);
INSERT INTO `m_pekerjaan` VALUES (157, 'I6 ', 'PERIKSA DAN PERBAIKI AIR RADIATOR SELALU HABIS ( EX GANTI WATER PUMP TGL 9-1-2018 KM: 16675 WIP: 36419 )', NULL, NULL, NULL);
INSERT INTO `m_pekerjaan` VALUES (158, 'FOC ', 'VEHICLE SURFACE WASH PERFORM', NULL, NULL, NULL);
INSERT INTO `m_pekerjaan` VALUES (159, 'R ', 'GANTI POMPA AIR WIPER', NULL, NULL, NULL);
INSERT INTO `m_pekerjaan` VALUES (160, 'R ', 'GANTI TRUST ARM DEPAN LH / RH', NULL, NULL, NULL);
INSERT INTO `m_pekerjaan` VALUES (161, 'FOC ', 'VEHICLE SURFACE WASH PERFORM', NULL, NULL, NULL);
INSERT INTO `m_pekerjaan` VALUES (162, 'R ', 'GANTI FILTER UDARA', NULL, NULL, NULL);
INSERT INTO `m_pekerjaan` VALUES (163, 'R ', 'GANTI FILTER BLOWER AC', NULL, NULL, NULL);
INSERT INTO `m_pekerjaan` VALUES (164, 'R ', 'GANTI SEAL CALTER MATIC', NULL, NULL, NULL);
INSERT INTO `m_pekerjaan` VALUES (165, 'R ', 'GANTI BRAKE HOSE REAR / SLANG REM BELAKANG LH / RH', NULL, NULL, NULL);
INSERT INTO `m_pekerjaan` VALUES (166, 'R ', 'GANTI KARET COVER KLEP LH / RH', NULL, NULL, NULL);
INSERT INTO `m_pekerjaan` VALUES (167, 'R ', 'GANTI TUTUP OLI', NULL, NULL, NULL);
INSERT INTO `m_pekerjaan` VALUES (168, 'R ', 'GANTI FRONT WHEEL HUB LH / RH', NULL, NULL, NULL);
INSERT INTO `m_pekerjaan` VALUES (169, 'R ', 'SYNCHRONISASI REMOTE CONTROL ( KUNCI REMOTE )', NULL, NULL, NULL);
INSERT INTO `m_pekerjaan` VALUES (170, 'FOC ', 'VEHICLE SURFACE WASH PERFORM', NULL, NULL, NULL);
INSERT INTO `m_pekerjaan` VALUES (171, 'ISP ', 'PERIKSA INDICATOR CHANGE KEY BATTERIES NYALA', NULL, NULL, NULL);
INSERT INTO `m_pekerjaan` VALUES (172, 'ISP ', 'SERVICE REPLACE DUST FILTER, PERFORM', NULL, NULL, NULL);
INSERT INTO `m_pekerjaan` VALUES (173, 'ISP ', 'SERVICE A WITH PLUS PACKAGE OIL CHANGE + FILTER ( CODE 505 )', NULL, NULL, NULL);
INSERT INTO `m_pekerjaan` VALUES (174, 'I6 ', 'REPLACE CHARGE HOSE BETWEEN CHARGE AIR COOLER AND TURBO CHARGER', NULL, NULL, NULL);
INSERT INTO `m_pekerjaan` VALUES (175, 'I6 ', 'BRING INJECTION SYSTEM TO CURRENT SERIES PRODUCTION CONFIGURATION. INCLUDE PERFORM INITIAL START UP MEN ENGINE CONTROL UNIT AND UP VARIOUS SOFTWARE RELEASE', NULL, NULL, NULL);
INSERT INTO `m_pekerjaan` VALUES (176, 'FOC ', 'GANTI ACCU LOCAL', NULL, NULL, NULL);
INSERT INTO `m_pekerjaan` VALUES (177, 'FOC ', 'VEHICLE SURFACE WASH PERFORM', NULL, NULL, NULL);
INSERT INTO `m_pekerjaan` VALUES (178, 'R ', 'PERIKSA / PERBAIKI ELEKTRIK SEAT DEPAN KIRI TIDAK FUNGSI / MACET < BONGKAR PASANG DOOR TRIM PINTU DEPAN KIRI, NORMALIZING SEAT ADJUSTMENT + HAPUS FAULT CODE >', NULL, NULL, NULL);
INSERT INTO `m_pekerjaan` VALUES (179, 'FOC ', 'VEHICLE SURFACE WASH PERFORM', NULL, NULL, NULL);
INSERT INTO `m_pekerjaan` VALUES (180, 'FOC ', 'SERVICE B WITH PLUS PACKAGE LUBRICATION ENGINE OIL AND FILTER CHANGE ( CODE 606 )', NULL, NULL, NULL);
INSERT INTO `m_pekerjaan` VALUES (181, 'R ', 'SERVICE REPLACE COMBINATION FILTER', NULL, NULL, NULL);
INSERT INTO `m_pekerjaan` VALUES (182, 'FOC ', 'VEHICLE SURFACE WASH PERFORM', NULL, NULL, NULL);
INSERT INTO `m_pekerjaan` VALUES (183, 'FOC ', 'SERVICE B WITH OIL CHANGE + FILTER ( CODE 606 )', NULL, NULL, NULL);
INSERT INTO `m_pekerjaan` VALUES (184, 'FOC ', 'GANTI OLI MESIN + FILTER M.B.OIL ( CODE QMDI )', NULL, NULL, NULL);
INSERT INTO `m_pekerjaan` VALUES (185, 'FOC ', 'VEHICLE SURFACE WASH PERFORM', NULL, NULL, NULL);
INSERT INTO `m_pekerjaan` VALUES (186, 'FOC ', 'SERVICE B WITH PLUS PACKAGE LUBRICATION ENGINE OIL AND FILTER CHANGE ( CODE 606 )', NULL, NULL, NULL);
INSERT INTO `m_pekerjaan` VALUES (187, 'FOC ', 'VEHICLE SURFACE WASH PERFORM', NULL, NULL, NULL);
INSERT INTO `m_pekerjaan` VALUES (188, 'ISP ', 'SERVICE REPLACE DUST FILTER, PERFORM', NULL, NULL, NULL);
INSERT INTO `m_pekerjaan` VALUES (189, 'ISP ', 'SERVICE A WITH PLUS PACKAGE OIL CHANGE + FILTER ( CODE 505 )', NULL, NULL, NULL);
INSERT INTO `m_pekerjaan` VALUES (190, 'ISP ', 'PERIKSA KONDISI DAN KAPASITAS BATTERY, INDIKATOR AUXILIARY BATTERIES NYALA', NULL, NULL, NULL);
INSERT INTO `m_pekerjaan` VALUES (191, 'ISP ', 'SERVICE B. REPLACE BRAKE FLUID', NULL, NULL, NULL);
INSERT INTO `m_pekerjaan` VALUES (192, 'ISP ', 'SERVICE B1 WITH PLUS PACKAGE ( GANTI OLI MESIN + FILTER M.B.OIL ) ( CODE E0E )', NULL, NULL, NULL);
INSERT INTO `m_pekerjaan` VALUES (193, 'R ', 'BUAT ESTIMASI BIAYA PERBAIKAN ( CAT BUMPER BELAKANG, GANTI LAMPU BELAKANG KIRI, GANTI LIST BUMPER BELAKANG BAG KIRI )', NULL, NULL, NULL);
INSERT INTO `m_pekerjaan` VALUES (194, 'FOC ', 'VEHICLE SURFACE WASH PERFORM', NULL, NULL, NULL);
INSERT INTO `m_pekerjaan` VALUES (195, 'I6 ', 'PERIKSA AC BELAKANG TIDAK KELUAR ANGIN ( BLOWER AC BELAKANG TIDAK JALAN )', NULL, NULL, NULL);
INSERT INTO `m_pekerjaan` VALUES (196, 'I6 ', 'KIRIM MEKANIK KE BANDARA JUANDA', NULL, NULL, NULL);
INSERT INTO `m_pekerjaan` VALUES (197, 'R ', 'PERIKSA POWER WINDOW BELAKANG KIRI TIDAK BISA MASUK, GANTI REGULATOR POWER WINDOW BELAKANG LH', NULL, NULL, NULL);
INSERT INTO `m_pekerjaan` VALUES (198, 'FOC ', 'VEHICLE SURFACE WASH PERFORM', NULL, NULL, NULL);
INSERT INTO `m_pekerjaan` VALUES (199, 'R ', 'PERIKSA HANDLE LOCK PINTU DEPAN KANAN LEPAS / TIDAK BISA DIBUKA DARI DALAM', NULL, NULL, NULL);
INSERT INTO `m_pekerjaan` VALUES (200, 'FOC ', 'SERVICE B MAINTENANCE SERVICE, LUBRICATION ENGINE OIL AND FILTER CHANGE', NULL, NULL, NULL);
INSERT INTO `m_pekerjaan` VALUES (201, 'KR', 'COBA PEKERJAAN TES', '2021-08-08 12:01:14', '2021-08-08 12:08:03', '2021-08-08 12:09:17');

-- ----------------------------
-- Table structure for m_profil
-- ----------------------------
DROP TABLE IF EXISTS `m_profil`;
CREATE TABLE `m_profil`  (
  `id` int(11) NOT NULL,
  `nama` varchar(255) CHARACTER SET utf8mb4 COLLATE utf8mb4_general_ci NULL DEFAULT NULL,
  `alamat` varchar(255) CHARACTER SET utf8mb4 COLLATE utf8mb4_general_ci NULL DEFAULT NULL,
  `kelurahan` varchar(255) CHARACTER SET utf8mb4 COLLATE utf8mb4_general_ci NULL DEFAULT NULL,
  `kecamatan` varchar(255) CHARACTER SET utf8mb4 COLLATE utf8mb4_general_ci NULL DEFAULT NULL,
  `kota` varchar(255) CHARACTER SET utf8mb4 COLLATE utf8mb4_general_ci NULL DEFAULT NULL,
  `kode_pos` varchar(255) CHARACTER SET utf8mb4 COLLATE utf8mb4_general_ci NULL DEFAULT NULL,
  `provinsi` varchar(255) CHARACTER SET utf8mb4 COLLATE utf8mb4_general_ci NULL DEFAULT NULL,
  `telp` varchar(255) CHARACTER SET utf8mb4 COLLATE utf8mb4_general_ci NULL DEFAULT NULL,
  `email` varchar(255) CHARACTER SET utf8mb4 COLLATE utf8mb4_general_ci NULL DEFAULT NULL,
  `deskripsi` varchar(255) CHARACTER SET utf8mb4 COLLATE utf8mb4_general_ci NULL DEFAULT NULL,
  `nama_dokter` varchar(255) CHARACTER SET utf8mb4 COLLATE utf8mb4_general_ci NULL DEFAULT NULL,
  `gambar` varchar(255) CHARACTER SET utf8mb4 COLLATE utf8mb4_general_ci NULL DEFAULT NULL,
  `created_at` datetime(0) NULL DEFAULT NULL,
  `updated_at` datetime(0) NULL DEFAULT NULL,
  `deleted_at` datetime(0) NULL DEFAULT NULL,
  PRIMARY KEY (`id`) USING BTREE
) ENGINE = InnoDB CHARACTER SET = utf8mb4 COLLATE = utf8mb4_general_ci ROW_FORMAT = DYNAMIC;

-- ----------------------------
-- Records of m_profil
-- ----------------------------
INSERT INTO `m_profil` VALUES (1, 'Service Mobil', 'Jl. Raya Tubanan No. 34 RT 04 RW 09', 'Karangpoh', 'Tandes', 'Surabaya', '60188', 'Jawa timur', '081321425352', 'nurcahyono320@gmail.com', 'Profesional Service mobil', NULL, 'logo-daimlerpng.png', '2021-06-13 19:35:21', NULL, NULL);

-- ----------------------------
-- Table structure for m_profile_usaha
-- ----------------------------
DROP TABLE IF EXISTS `m_profile_usaha`;
CREATE TABLE `m_profile_usaha`  (
  `id` int(11) NOT NULL AUTO_INCREMENT,
  `nama` varchar(255) CHARACTER SET utf8mb4 COLLATE utf8mb4_general_ci NULL DEFAULT NULL,
  `alamat` varchar(255) CHARACTER SET utf8mb4 COLLATE utf8mb4_general_ci NULL DEFAULT NULL,
  `telp` varchar(255) CHARACTER SET utf8mb4 COLLATE utf8mb4_general_ci NULL DEFAULT NULL,
  `hp` varchar(255) CHARACTER SET utf8mb4 COLLATE utf8mb4_general_ci NULL DEFAULT NULL,
  `deskripsi` text CHARACTER SET utf8mb4 COLLATE utf8mb4_general_ci NULL COMMENT 'bila ada catatan tambahan mengenai profil perusahaan',
  `logo_small` varchar(255) CHARACTER SET utf8mb4 COLLATE utf8mb4_general_ci NULL DEFAULT NULL COMMENT 'untuk logo icon di tab browser',
  `logo` varchar(255) CHARACTER SET utf8mb4 COLLATE utf8mb4_general_ci NULL DEFAULT NULL COMMENT 'untuk logo utama',
  `created_at` datetime(0) NULL DEFAULT NULL,
  `updated_at` datetime(0) NULL DEFAULT NULL,
  `deleted_at` datetime(0) NULL DEFAULT NULL,
  PRIMARY KEY (`id`) USING BTREE
) ENGINE = InnoDB AUTO_INCREMENT = 1 CHARACTER SET = utf8mb4 COLLATE = utf8mb4_general_ci ROW_FORMAT = DYNAMIC;

-- ----------------------------
-- Records of m_profile_usaha
-- ----------------------------

-- ----------------------------
-- Table structure for m_role
-- ----------------------------
DROP TABLE IF EXISTS `m_role`;
CREATE TABLE `m_role`  (
  `id` int(11) NOT NULL AUTO_INCREMENT,
  `nama` varchar(20) CHARACTER SET latin1 COLLATE latin1_swedish_ci NOT NULL,
  `keterangan` varchar(255) CHARACTER SET latin1 COLLATE latin1_swedish_ci NULL DEFAULT '',
  `aktif` int(1) NULL DEFAULT 1,
  PRIMARY KEY (`id`) USING BTREE
) ENGINE = InnoDB AUTO_INCREMENT = 7 CHARACTER SET = latin1 COLLATE = latin1_swedish_ci ROW_FORMAT = COMPACT;

-- ----------------------------
-- Records of m_role
-- ----------------------------
INSERT INTO `m_role` VALUES (1, 'Superadmin', 'Level Super Admin', 1);
INSERT INTO `m_role` VALUES (2, 'Owner', 'Owner', 1);
INSERT INTO `m_role` VALUES (3, 'admin', 'admin', 1);
INSERT INTO `m_role` VALUES (4, 'Service Advisor', 'head of mechanic', 1);
INSERT INTO `m_role` VALUES (5, 'Workshop', 'leader of mechanic', 1);
INSERT INTO `m_role` VALUES (6, 'Sparepart', 'sparepart division', 1);

-- ----------------------------
-- Table structure for m_user
-- ----------------------------
DROP TABLE IF EXISTS `m_user`;
CREATE TABLE `m_user`  (
  `id` int(64) NOT NULL AUTO_INCREMENT,
  `id_role` int(64) NULL DEFAULT NULL,
  `username` varchar(255) CHARACTER SET utf8mb4 COLLATE utf8mb4_general_ci NULL DEFAULT NULL,
  `password` varchar(255) CHARACTER SET utf8mb4 COLLATE utf8mb4_general_ci NULL DEFAULT NULL,
  `status` int(1) NULL DEFAULT NULL,
  `last_login` datetime(0) NULL DEFAULT NULL,
  `kode_user` varchar(10) CHARACTER SET utf8mb4 COLLATE utf8mb4_general_ci NULL DEFAULT NULL,
  `foto` varchar(255) CHARACTER SET utf8mb4 COLLATE utf8mb4_general_ci NULL DEFAULT NULL,
  `created_at` datetime(0) NULL DEFAULT NULL,
  `updated_at` datetime(0) NULL DEFAULT NULL,
  `deleted_at` datetime(0) NULL DEFAULT NULL,
  PRIMARY KEY (`id`) USING BTREE
) ENGINE = InnoDB AUTO_INCREMENT = 6 CHARACTER SET = utf8mb4 COLLATE = utf8mb4_general_ci ROW_FORMAT = DYNAMIC;

-- ----------------------------
-- Records of m_user
-- ----------------------------
INSERT INTO `m_user` VALUES (1, 1, 'superadmin', 'SnIvSVV6c2UwdWhKS1ZKMDluUlp4dz09', 1, '2021-08-23 01:11:07', 'USR-00001', NULL, NULL, NULL, NULL);
INSERT INTO `m_user` VALUES (2, 3, 'admin', 'Tzg1eTllUlU2a2xNQk5yYktIM1pwUT09', NULL, NULL, 'USR-00002', 'coba-1602775328.jpg', '2020-10-15 22:22:08', '2020-10-15 22:43:54', '2020-10-15 22:58:50');
INSERT INTO `m_user` VALUES (3, 4, 'service.advisor', 'SnIvSVV6c2UwdWhKS1ZKMDluUlp4dz09', 1, '2021-08-01 19:53:51', 'USR-00003', 'user_default.png', '2021-08-01 13:35:46', NULL, NULL);
INSERT INTO `m_user` VALUES (4, 5, 'workshop', 'SnIvSVV6c2UwdWhKS1ZKMDluUlp4dz09', 1, '2021-08-08 13:08:47', 'USR-00004', 'user_default.png', '2021-08-01 20:08:23', NULL, NULL);
INSERT INTO `m_user` VALUES (5, 6, 'sparepart', 'SnIvSVV6c2UwdWhKS1ZKMDluUlp4dz09', 1, '2021-08-01 20:18:20', 'USR-00005', 'user_default.png', '2021-08-01 20:18:04', NULL, NULL);

-- ----------------------------
-- Table structure for t_kendaraan_masuk
-- ----------------------------
DROP TABLE IF EXISTS `t_kendaraan_masuk`;
CREATE TABLE `t_kendaraan_masuk`  (
  `id` int(32) NOT NULL AUTO_INCREMENT,
  `id_customer` int(32) NULL DEFAULT NULL,
  `id_kendaraan` int(32) NULL DEFAULT NULL,
  `invoice` varchar(255) CHARACTER SET utf8mb4 COLLATE utf8mb4_general_ci NULL DEFAULT NULL,
  `id_mekanik` int(34) NULL DEFAULT NULL,
  `keluhan` text CHARACTER SET utf8mb4 COLLATE utf8mb4_general_ci NULL,
  `created_at` datetime(0) NULL DEFAULT NULL,
  `updated_at` datetime(0) NULL DEFAULT NULL,
  `deleted_at` datetime(0) NULL DEFAULT NULL,
  `status` int(34) NULL DEFAULT NULL COMMENT 'null = kendaraan masuk, 1 = dipilih mekanik, 2 = selesai dikerjakan',
  `tgl_selesai` datetime(0) NULL DEFAULT NULL,
  `hitung_pekerjaan` int(11) NULL DEFAULT NULL,
  `hitung_onderdil` int(11) NULL DEFAULT NULL,
  `lama_service` int(11) NULL DEFAULT NULL,
  `hitung_estimasi` float(20, 20) NULL DEFAULT NULL,
  PRIMARY KEY (`id`) USING BTREE
) ENGINE = InnoDB AUTO_INCREMENT = 7 CHARACTER SET = utf8mb4 COLLATE = utf8mb4_general_ci ROW_FORMAT = DYNAMIC;

-- ----------------------------
-- Records of t_kendaraan_masuk
-- ----------------------------
INSERT INTO `t_kendaraan_masuk` VALUES (4, 1, 1, 'INV-21081100000', NULL, 'coba-coba', '2021-08-01 09:52:50', NULL, NULL, NULL, '2021-08-03 01:15:56', 1, 5, 2, NULL);
INSERT INTO `t_kendaraan_masuk` VALUES (5, 1, 1, 'INV-21081100001', NULL, 'tes coba', '2021-08-11 09:51:26', NULL, NULL, NULL, '2021-08-20 01:15:22', 3, 1, 9, NULL);
INSERT INTO `t_kendaraan_masuk` VALUES (6, 2, 2, 'INV-21081100002', NULL, 'coba tes', '2021-08-20 09:52:50', NULL, NULL, NULL, '2021-08-23 01:15:56', 4, 2, 2, NULL);

-- ----------------------------
-- Table structure for t_kendaraan_masuk_detail
-- ----------------------------
DROP TABLE IF EXISTS `t_kendaraan_masuk_detail`;
CREATE TABLE `t_kendaraan_masuk_detail`  (
  `id` int(34) NOT NULL AUTO_INCREMENT,
  `id_t_kendaraan_masuk` int(34) NULL DEFAULT NULL,
  `id_onderdil` int(34) NULL DEFAULT NULL,
  `qty` float(20, 2) NULL DEFAULT NULL,
  `harga` float(20, 2) NULL DEFAULT NULL,
  `created_at` datetime(0) NULL DEFAULT NULL,
  `updated_at` datetime(0) NULL DEFAULT NULL,
  `deleted_at` datetime(0) NULL DEFAULT NULL,
  PRIMARY KEY (`id`) USING BTREE
) ENGINE = InnoDB AUTO_INCREMENT = 16 CHARACTER SET = utf8mb4 COLLATE = utf8mb4_general_ci ROW_FORMAT = DYNAMIC;

-- ----------------------------
-- Records of t_kendaraan_masuk_detail
-- ----------------------------
INSERT INTO `t_kendaraan_masuk_detail` VALUES (14, 6, 1, 4.00, 350000.00, '2021-08-22 21:48:34', NULL, NULL);
INSERT INTO `t_kendaraan_masuk_detail` VALUES (15, 6, 2, 2.00, 550000.00, '2021-08-22 21:48:45', NULL, NULL);

-- ----------------------------
-- Table structure for t_kendaraan_pekerjaan_detail
-- ----------------------------
DROP TABLE IF EXISTS `t_kendaraan_pekerjaan_detail`;
CREATE TABLE `t_kendaraan_pekerjaan_detail`  (
  `id` int(32) NOT NULL AUTO_INCREMENT,
  `id_t_kendaraan_masuk` int(32) NULL DEFAULT NULL,
  `id_pekerjaan` int(32) NULL DEFAULT NULL,
  `created_at` datetime(0) NULL DEFAULT NULL,
  PRIMARY KEY (`id`) USING BTREE
) ENGINE = InnoDB AUTO_INCREMENT = 9 CHARACTER SET = utf8mb4 COLLATE = utf8mb4_general_ci ROW_FORMAT = DYNAMIC;

-- ----------------------------
-- Records of t_kendaraan_pekerjaan_detail
-- ----------------------------
INSERT INTO `t_kendaraan_pekerjaan_detail` VALUES (5, 6, 1, '2021-08-22 21:24:29');
INSERT INTO `t_kendaraan_pekerjaan_detail` VALUES (6, 6, 3, '2021-08-22 21:24:34');
INSERT INTO `t_kendaraan_pekerjaan_detail` VALUES (7, 6, 14, '2021-08-22 21:49:40');
INSERT INTO `t_kendaraan_pekerjaan_detail` VALUES (8, 6, 50, '2021-08-22 21:50:55');

-- ----------------------------
-- Table structure for t_log_aktivitas
-- ----------------------------
DROP TABLE IF EXISTS `t_log_aktivitas`;
CREATE TABLE `t_log_aktivitas`  (
  `id` varchar(255) CHARACTER SET utf8mb4 COLLATE utf8mb4_general_ci NOT NULL COMMENT 'uuid',
  `id_m_menu` int(11) NULL DEFAULT NULL,
  `id_m_user` int(64) NULL DEFAULT NULL,
  `aksi` varchar(255) CHARACTER SET utf8mb4 COLLATE utf8mb4_general_ci NULL DEFAULT NULL COMMENT 'CREATE, UPDATE, DELETE, AKSI LAIN USER TSB',
  `old_data` text CHARACTER SET utf8mb4 COLLATE utf8mb4_general_ci NULL COMMENT 'json data lama',
  `new_data` text CHARACTER SET utf8mb4 COLLATE utf8mb4_general_ci NULL COMMENT 'json data baru',
  `created_at` datetime(0) NULL DEFAULT NULL,
  `updated_at` datetime(0) NULL DEFAULT NULL,
  `deleted_at` datetime(0) NULL DEFAULT NULL,
  PRIMARY KEY (`id`) USING BTREE
) ENGINE = InnoDB CHARACTER SET = utf8mb4 COLLATE = utf8mb4_general_ci ROW_FORMAT = DYNAMIC;

-- ----------------------------
-- Records of t_log_aktivitas
-- ----------------------------
INSERT INTO `t_log_aktivitas` VALUES ('052d089c-3536-4ee7-8619-b8e27959e69b', NULL, 1, 'LOGIN', NULL, '{\"username\":\"superadmin\",\"id_user\":\"1\",\"last_login\":\"2021-08-17 14:19:40\",\"id_role\":\"1\",\"logged_in\":true}', '2021-08-19 21:57:02', NULL, NULL);
INSERT INTO `t_log_aktivitas` VALUES ('0fd1fc21-00d7-445a-9b59-a50a7833f294', NULL, 1, 'LOGIN', NULL, '{\"username\":\"superadmin\",\"id_user\":\"1\",\"last_login\":\"2021-04-23 18:57:16\",\"id_role\":\"1\",\"logged_in\":true}', '2021-04-26 16:53:54', NULL, NULL);
INSERT INTO `t_log_aktivitas` VALUES ('162b6c97-39fc-4550-8a89-27fe27ddd262', NULL, 1, 'LOGIN', NULL, '{\"username\":\"superadmin\",\"id_user\":\"1\",\"last_login\":\"2021-08-19 21:57:02\",\"id_role\":\"1\",\"logged_in\":true}', '2021-08-21 09:21:53', NULL, NULL);
INSERT INTO `t_log_aktivitas` VALUES ('2b798a8c-18b7-44a2-b882-8d5bb778ee34', NULL, 1, 'LOGIN', NULL, '{\"username\":\"superadmin\",\"id_user\":\"1\",\"last_login\":\"2021-04-27 19:40:49\",\"id_role\":\"1\",\"logged_in\":true}', '2021-04-30 18:25:08', NULL, NULL);
INSERT INTO `t_log_aktivitas` VALUES ('2e7f4fbd-14b6-4e7a-b974-240c1d700412', NULL, 1, 'LOGOUT', NULL, '{\"username\":\"superadmin\",\"id_user\":\"1\",\"last_login\":\"2021-08-08 11:44:44\",\"id_role\":\"1\",\"logged_in\":false}', '2021-08-08 17:35:11', NULL, NULL);
INSERT INTO `t_log_aktivitas` VALUES ('3d2a6e82-f5c7-49ed-b245-eb9da9f15b37', NULL, 1, 'LOGIN', NULL, '{\"username\":\"superadmin\",\"id_user\":\"1\",\"last_login\":\"2021-08-22 13:32:48\",\"id_role\":\"1\",\"logged_in\":true}', '2021-08-22 21:22:52', NULL, NULL);
INSERT INTO `t_log_aktivitas` VALUES ('3f1e7659-8ffe-4564-8bc5-e5d321325a93', NULL, 1, 'LOGIN', NULL, '{\"username\":\"superadmin\",\"id_user\":\"1\",\"last_login\":\"2021-08-08 16:26:47\",\"id_role\":\"1\",\"logged_in\":true}', '2021-08-11 09:13:42', NULL, NULL);
INSERT INTO `t_log_aktivitas` VALUES ('40ebb926-beb8-4b38-91a5-b52b254a42b3', NULL, 1, 'LOGIN', NULL, '{\"username\":\"superadmin\",\"id_user\":\"1\",\"last_login\":\"2021-04-21 21:33:28\",\"id_role\":\"1\",\"logged_in\":true}', '2021-04-23 18:57:16', NULL, NULL);
INSERT INTO `t_log_aktivitas` VALUES ('438df55e-6d45-4ad3-90f8-cd5216478a26', 9, 1, 'CREATE', NULL, '{\"id\":\"41164dbe-7d6b-4344-8a9c-5c563d4b02fa\",\"id_transaksi\":\"58c87a01-69d4-4df7-996d-0c66bb5fd123\",\"id_item_trans\":\"4\",\"harga_satuan\":\"5000.00\",\"created_at\":\"2021-04-10 12:40:39\"}', '2021-04-10 12:40:39', NULL, NULL);
INSERT INTO `t_log_aktivitas` VALUES ('4d90ef86-ff41-4ddb-b66c-d4984845076b', 9, 2, 'CREATE', NULL, '{\"id\":\"a1cc944d-aafb-4022-864f-2a764946c4f0\",\"id_transaksi\":\"aed1554a-57d9-4baa-ac50-d2496619b5c3\",\"id_item_trans\":\"3\",\"harga_satuan\":\"10000.00\",\"created_at\":\"2021-04-11 23:08:58\"}', '2021-04-11 23:08:58', NULL, NULL);
INSERT INTO `t_log_aktivitas` VALUES ('50be5d1d-1be1-42d4-8983-22dc5f98aed7', NULL, 1, 'LOGIN', NULL, '{\"username\":\"superadmin\",\"id_user\":\"1\",\"last_login\":\"2021-04-30 18:25:08\",\"id_role\":\"1\",\"logged_in\":true}', '2021-05-01 10:22:07', NULL, NULL);
INSERT INTO `t_log_aktivitas` VALUES ('518a525e-bd9d-47fc-98ba-26b2c44170a3', 9, 2, 'CREATE', NULL, '{\"id\":\"01c3943a-e7ae-47f4-aa59-e2a84cd630f9\",\"id_transaksi\":\"c53b2e29-5983-494c-87aa-189d20e2ecfa\",\"id_item_trans\":\"4\",\"harga_satuan\":\"5000.00\",\"created_at\":\"2021-04-11 23:08:48\"}', '2021-04-11 23:08:48', NULL, NULL);
INSERT INTO `t_log_aktivitas` VALUES ('5d762b29-94d5-4621-a49d-dd8523ff5c27', NULL, 1, 'LOGIN', NULL, '{\"username\":\"superadmin\",\"id_user\":\"1\",\"last_login\":\"2021-04-18 09:54:38\",\"id_role\":\"1\",\"logged_in\":true}', '2021-04-21 21:33:28', NULL, NULL);
INSERT INTO `t_log_aktivitas` VALUES ('5eacde10-5cdd-4d42-8ab8-2bccc670efac', NULL, 1, 'LOGIN', NULL, '{\"username\":\"superadmin\",\"id_user\":\"1\",\"last_login\":\"2021-05-01 10:22:07\",\"id_role\":\"1\",\"logged_in\":true}', '2021-08-08 12:17:29', NULL, NULL);
INSERT INTO `t_log_aktivitas` VALUES ('5f5a4e84-3523-4b5d-9413-13ead0741c76', 9, 1, 'CREATE', NULL, '{\"id\":\"ccd705b9-3b4a-45a2-b775-0512163e6453\",\"id_transaksi\":\"3bf384cf-c2eb-4947-add7-8b547b90d5d7\",\"id_item_trans\":\"3\",\"harga_satuan\":\"10000.00\",\"created_at\":\"2021-04-10 09:13:17\"}', '2021-04-10 09:13:17', NULL, NULL);
INSERT INTO `t_log_aktivitas` VALUES ('6cea075e-c095-401f-89c1-d6cabb4f7c31', 9, 1, 'CREATE', NULL, '{\"id\":\"eac9f12c-a7eb-4d7a-8cc1-8adf155aae96\",\"id_transaksi\":\"0cb83009-a6ac-4399-ad69-5ee8c0b8c14d\",\"id_item_trans\":\"4\",\"harga_satuan\":\"5000.00\",\"created_at\":\"2021-04-10 09:12:16\"}', '2021-04-10 09:12:16', NULL, NULL);
INSERT INTO `t_log_aktivitas` VALUES ('7b3f9b07-308e-4aef-923a-60a6e298d954', NULL, 1, 'LOGIN', NULL, '{\"username\":\"superadmin\",\"id_user\":\"1\",\"last_login\":\"2021-08-21 09:21:53\",\"id_role\":\"1\",\"logged_in\":true}', '2021-08-22 13:32:48', NULL, NULL);
INSERT INTO `t_log_aktivitas` VALUES ('99348e42-f8d3-4e0f-b9c5-4ce31cbe03d3', NULL, 1, 'LOGIN', NULL, '{\"username\":\"superadmin\",\"id_user\":\"1\",\"last_login\":\"2021-08-22 21:22:52\",\"id_role\":\"1\",\"logged_in\":true}', '2021-08-23 01:11:07', NULL, NULL);
INSERT INTO `t_log_aktivitas` VALUES ('9d5a0d38-d2dc-4a1e-bbe3-b428a274ecf9', 9, 1, 'CREATE', NULL, '{\"id\":\"e23e0e15-1b59-4461-8af8-364dbcab1d19\",\"id_transaksi\":\"20af352e-ad3e-4b76-a552-b4510ca62dde\",\"id_item_trans\":\"4\",\"harga_satuan\":\"5000.00\",\"created_at\":\"2021-04-10 09:13:41\"}', '2021-04-10 09:13:41', NULL, NULL);
INSERT INTO `t_log_aktivitas` VALUES ('a1d52945-f60a-47fc-840e-7855b2012d40', NULL, 1, 'LOGIN', NULL, '{\"username\":\"superadmin\",\"id_user\":\"1\",\"last_login\":\"2021-08-11 09:13:42\",\"id_role\":\"1\",\"logged_in\":true}', '2021-08-17 14:19:40', NULL, NULL);
INSERT INTO `t_log_aktivitas` VALUES ('d83b49f6-4ee9-43ec-8edf-973e6f0c9ec0', 9, 1, 'CREATE', NULL, '{\"id\":\"3f589560-3627-46b9-9640-e2ac1a060c13\",\"id_transaksi\":\"56cd3383-73ca-428d-b2a5-cee4d392bcae\",\"id_item_trans\":\"3\",\"harga_satuan\":\"10000.00\",\"created_at\":\"2021-04-10 09:12:33\"}', '2021-04-10 09:12:33', NULL, NULL);
INSERT INTO `t_log_aktivitas` VALUES ('f567ce47-8288-4574-9705-c6b576e8d134', NULL, 1, 'LOGIN', NULL, '{\"username\":\"superadmin\",\"id_user\":\"1\",\"last_login\":\"2021-04-26 16:53:54\",\"id_role\":\"1\",\"logged_in\":true}', '2021-04-27 19:40:49', NULL, NULL);

-- ----------------------------
-- Table structure for t_perhitungan
-- ----------------------------
DROP TABLE IF EXISTS `t_perhitungan`;
CREATE TABLE `t_perhitungan`  (
  `id` int(11) NOT NULL AUTO_INCREMENT,
  `arr_input_x1` varchar(200) CHARACTER SET utf8mb4 COLLATE utf8mb4_general_ci NULL DEFAULT NULL,
  `arr_input_x2` varchar(200) CHARACTER SET utf8mb4 COLLATE utf8mb4_general_ci NULL DEFAULT NULL,
  `arr_input_t` varchar(200) CHARACTER SET utf8mb4 COLLATE utf8mb4_general_ci NULL DEFAULT NULL,
  `alpha` float(20, 2) NULL DEFAULT NULL,
  `arr_bobot_v11_awal` varchar(200) CHARACTER SET utf8mb4 COLLATE utf8mb4_general_ci NULL DEFAULT NULL,
  `arr_bobot_v12_awal` varchar(200) CHARACTER SET utf8mb4 COLLATE utf8mb4_general_ci NULL DEFAULT NULL,
  `arr_bobot_v21_awal` varchar(200) CHARACTER SET utf8mb4 COLLATE utf8mb4_general_ci NULL DEFAULT NULL,
  `arr_bobot_v22_awal` varchar(200) CHARACTER SET utf8mb4 COLLATE utf8mb4_general_ci NULL DEFAULT NULL,
  `arr_bias_1_awal` varchar(200) CHARACTER SET utf8mb4 COLLATE utf8mb4_general_ci NULL DEFAULT NULL,
  `arr_bias_2_awal` varchar(200) CHARACTER SET utf8mb4 COLLATE utf8mb4_general_ci NULL DEFAULT NULL,
  `arr_bobot_w1_awal` varchar(200) CHARACTER SET utf8mb4 COLLATE utf8mb4_general_ci NULL DEFAULT NULL,
  `arr_bobot_w2_awal` varchar(200) CHARACTER SET utf8mb4 COLLATE utf8mb4_general_ci NULL DEFAULT NULL,
  `arr_bobot_b_awal` varchar(200) CHARACTER SET utf8mb4 COLLATE utf8mb4_general_ci NULL DEFAULT NULL,
  `epoch` int(11) NULL DEFAULT 0,
  `jml_baris_input` int(11) NULL DEFAULT NULL,
  `mse_terkecil` float(20, 20) NULL DEFAULT NULL,
  `created_at` datetime(0) NULL DEFAULT NULL,
  `updated_at` datetime(0) NULL DEFAULT NULL,
  `deleted_at` datetime(0) NULL DEFAULT NULL,
  PRIMARY KEY (`id`) USING BTREE
) ENGINE = InnoDB AUTO_INCREMENT = 2 CHARACTER SET = utf8mb4 COLLATE = utf8mb4_general_ci ROW_FORMAT = Dynamic;

-- ----------------------------
-- Records of t_perhitungan
-- ----------------------------
INSERT INTO `t_perhitungan` VALUES (1, '[\"1.00\",\"0.67\",\"0.00\"]', '[\"0.25\",\"0.00\",\"1.00\"]', '[\"0.00\",\"1.00\",\"0.00\"]', 0.10, '[0.40310503328363645,0.5478729431274687,0.24181966541419722]', '[0.5814650121989963,0.589177766623524,0.9947199062419683]', '[0.20320694204569187,0.20375939747493685,0.272658533543655]', '[0.20825112574186694,0.925752382690903,0.7862947288836794]', '[0.23388303221849865,0.8097000991970766,0.9701515342901235]', '[0.9753673104454611,0.29251256133081044,0.8508711987411934]', '[0.34896029268808676,0.039993576724079244,0.30767201506889985]', '[0.5853938747129375,0.9358091987370556,0.9976820303116376]', '[0.16031250365093003,0.32162599233986156,0.08102726195055399]', 10, 3, 0.71355265378952030000, '2021-08-23 02:24:12', NULL, NULL);

-- ----------------------------
-- Table structure for t_perhitungan_det
-- ----------------------------
DROP TABLE IF EXISTS `t_perhitungan_det`;
CREATE TABLE `t_perhitungan_det`  (
  `id` int(11) NOT NULL AUTO_INCREMENT,
  `id_perhitungan` int(11) NULL DEFAULT NULL,
  `epoch_ke` int(20) NULL DEFAULT NULL,
  `arr_bobot_v11` varchar(200) CHARACTER SET utf8mb4 COLLATE utf8mb4_general_ci NULL DEFAULT NULL,
  `arr_bobot_v12` varchar(200) CHARACTER SET utf8mb4 COLLATE utf8mb4_general_ci NULL DEFAULT NULL,
  `arr_bobot_v21` varchar(200) CHARACTER SET utf8mb4 COLLATE utf8mb4_general_ci NULL DEFAULT NULL,
  `arr_bobot_v22` varchar(200) CHARACTER SET utf8mb4 COLLATE utf8mb4_general_ci NULL DEFAULT NULL,
  `arr_bobot_bias1` varchar(200) CHARACTER SET utf8mb4 COLLATE utf8mb4_general_ci NULL DEFAULT NULL,
  `arr_bobot_bias2` varchar(200) CHARACTER SET utf8mb4 COLLATE utf8mb4_general_ci NULL DEFAULT NULL,
  `arr_bobot_b` varchar(200) CHARACTER SET utf8mb4 COLLATE utf8mb4_general_ci NULL DEFAULT NULL,
  `arr_bobot_w1` varchar(200) CHARACTER SET utf8mb4 COLLATE utf8mb4_general_ci NULL DEFAULT NULL,
  `arr_bobot_w2` varchar(200) CHARACTER SET utf8mb4 COLLATE utf8mb4_general_ci NULL DEFAULT NULL,
  `arr_aktivasi_z1_raw` varchar(200) CHARACTER SET utf8mb4 COLLATE utf8mb4_general_ci NULL DEFAULT NULL,
  `arr_aktivasi_z2_raw` varchar(200) CHARACTER SET utf8mb4 COLLATE utf8mb4_general_ci NULL DEFAULT NULL,
  `arr_aktivasi_z1` varchar(200) CHARACTER SET utf8mb4 COLLATE utf8mb4_general_ci NULL DEFAULT NULL,
  `arr_aktivasi_z2` varchar(200) CHARACTER SET utf8mb4 COLLATE utf8mb4_general_ci NULL DEFAULT NULL,
  `arr_output_y` varchar(200) CHARACTER SET utf8mb4 COLLATE utf8mb4_general_ci NULL DEFAULT NULL,
  `arr_output_aktivasi` varchar(200) CHARACTER SET utf8mb4 COLLATE utf8mb4_general_ci NULL DEFAULT NULL,
  `arr_output_faktor_error_y` varchar(200) CHARACTER SET utf8mb4 COLLATE utf8mb4_general_ci NULL DEFAULT NULL,
  `arr_output_perubahan_bobot_w1` varchar(200) CHARACTER SET utf8mb4 COLLATE utf8mb4_general_ci NULL DEFAULT NULL,
  `arr_output_perubahan_bobot_w2` varchar(200) CHARACTER SET utf8mb4 COLLATE utf8mb4_general_ci NULL DEFAULT NULL,
  `arr_output_perubahan_bobot_w_bias` varchar(200) CHARACTER SET utf8mb4 COLLATE utf8mb4_general_ci NULL DEFAULT NULL,
  `arr_output_faktor_error_z_net1` varchar(200) CHARACTER SET utf8mb4 COLLATE utf8mb4_general_ci NULL DEFAULT NULL,
  `arr_output_faktor_error_z_net2` varchar(200) CHARACTER SET utf8mb4 COLLATE utf8mb4_general_ci NULL DEFAULT NULL,
  `arr_output_faktor_error_z1` varchar(200) CHARACTER SET utf8mb4 COLLATE utf8mb4_general_ci NULL DEFAULT NULL,
  `arr_output_faktor_error_z2` varchar(200) CHARACTER SET utf8mb4 COLLATE utf8mb4_general_ci NULL DEFAULT NULL,
  `arr_output_perubahan_bobot_v11` varchar(200) CHARACTER SET utf8mb4 COLLATE utf8mb4_general_ci NULL DEFAULT NULL,
  `arr_output_perubahan_bobot_v12` varchar(200) CHARACTER SET utf8mb4 COLLATE utf8mb4_general_ci NULL DEFAULT NULL,
  `arr_output_perubahan_bobot_v21` varchar(200) CHARACTER SET utf8mb4 COLLATE utf8mb4_general_ci NULL DEFAULT NULL,
  `arr_output_perubahan_bobot_v22` varchar(200) CHARACTER SET utf8mb4 COLLATE utf8mb4_general_ci NULL DEFAULT NULL,
  `arr_output_perubahan_bobot_vb1` varchar(200) CHARACTER SET utf8mb4 COLLATE utf8mb4_general_ci NULL DEFAULT NULL,
  `arr_output_perubahan_bobot_vb2` varchar(200) CHARACTER SET utf8mb4 COLLATE utf8mb4_general_ci NULL DEFAULT NULL,
  `arr_output_error` varchar(200) CHARACTER SET utf8mb4 COLLATE utf8mb4_general_ci NULL DEFAULT NULL,
  `arr_output_error2` varchar(200) CHARACTER SET utf8mb4 COLLATE utf8mb4_general_ci NULL DEFAULT NULL,
  `mse` float(20, 20) NULL DEFAULT NULL,
  `is_stop` int(1) NULL DEFAULT NULL,
  PRIMARY KEY (`id`) USING BTREE
) ENGINE = InnoDB AUTO_INCREMENT = 11 CHARACTER SET = utf8mb4 COLLATE = utf8mb4_general_ci ROW_FORMAT = Dynamic;

-- ----------------------------
-- Records of t_perhitungan_det
-- ----------------------------
INSERT INTO `t_perhitungan_det` VALUES (1, 1, 1, '[0.40310503328363645,0.5478729431274687,0.24181966541419722]', '[0.5814650121989963,0.589177766623524,0.9947199062419683]', '[0.20320694204569187,0.20375939747493685,0.272658533543655]', '[0.20825112574186694,0.925752382690903,0.7862947288836794]', '[0.23388303221849865,0.8097000991970766,0.9701515342901235]', '[0.9753673104454611,0.29251256133081044,0.8508711987411934]', '[0.16031250365093003,0.32162599233986156,0.08102726195055399]', '[0.34896029268808676,0.039993576724079244,0.30767201506889985]', '[0.5853938747129375,0.9358091987370556,0.9976820303116376]', '[0.6861873015375868,0.7643674395860208,0.8770591877384702]', '[0.773930050657019,0.6056423418747675,0.8371489357304525]', '[\"0.69\",\"0.76\",\"0.88\"]', '[\"0.77\",\"0.61\",\"0.84\"]', '[\"0.853\",\"0.919\",\"1.186\"]', '[\"0.701\",\"0.715\",\"0.766\"]', '[-0.10704499843968841,0.006035045754553476,0.26177890829746203]', '[-0.007345291862242497,0.0004612992471192526,0.022959559667843556]', '[-0.008284534106500858,0.0003655079244109141,0.021914793447790005]', '[-0.010704499843968842,0.0006035045754553477,0.026177890829746205]', '[-0.03735445398630946,0.00024136306541806316,0.08054204421841689]', '[-0.06266348640524955,0.005647651331910157,0.2611721127229759]', '[-0.0080436947806428,4.34718671701902e-5,0.008684556175238304]', '[-0.01096374942114225,0.0013488833249865123,0.03560574956040362]', '[-0.00080436947806428,2.9126151004027434e-6,0]', '[-0.00020109236951607,0,0.0008684556175238304]', '[-0.001096374942114225,9.037518277409633e-5,0]', '[-0.00027409373552855624,0,0.003560574956040362]', '[-0.00080436947806428,4.34718671701902e-6,0.0008684556175238304]', '[-0.001096374942114225,0.00013488833249865123,0.003560574956040362]', '[-0.8528185363452271,0.08103854514860687,-1.186082279449526]', '[0.7272994559340155,0.006567245799802794,1.4067911736241836]', 0.71355265378952030000, NULL);
INSERT INTO `t_perhitungan_det` VALUES (2, 1, 2, '[0.40230066380557217,0.5478758557425691,0.24181966541419722]', '[0.5812639198294802,0.589177766623524,0.9955883618594921]', '[0.20211056710357764,0.20384977265771095,0.272658533543655]', '[0.20797703200633838,0.925752382690903,0.7898553038397197]', '[0.23307866274043437,0.8097044463837937,0.9710199899076473]', '[0.9742709355033469,0.2926474496633091,0.8544317736972338]', '[0.14960800380696118,0.3222294969153169,0.10720515278030018]', '[0.3416150008258443,0.0404548759711985,0.3306315747367434]', '[0.5771093406064366,0.9361747066614665,1.0195968237594275]', '[0.9527909162398407,0.9544580485640445,0.9979559611406082]', '[0.900129767245369,0.861755669073233,0.9937961795219656]', '[\"0.95\",\"0.95\",\"1.00\"]', '[\"0.90\",\"0.86\",\"0.99\"]', '[\"0.995\",\"1.168\",\"1.450\"]', '[\"0.730\",\"0.763\",\"0.810\"]', '[0.0054308699255653636,-1.5326777817491057,-0.35904443783482504]', '[0.0005174483532358818,-0.146287664464572,-0.03583105370516422]', '[0.0004888487682039025,-0.13207937672848793,-0.03568169905988611]', '[0.0005430869925565363,-0.15326777817491058,-0.0359044437834825]', '[0.0018552666341070645,-0.062004289564471717,-0.11871142788179698]', '[0.0031342057616623544,-1.4348541727355162,-0.36608056840487685]', '[8.345060965172378e-5,-0.0026951951481950535,-0.00024215478403777203]', '[0.0002817530919725466,-0.17093824669142824,-0.002257008641813466]', '[3.338024386068951e-5,-0.000808558544458516,-2.4215478403777203e-5]', '[1.6690121930344755e-5,-0.00026951951481950535,-0.00012107739201888601]', '[0.00011270123678901864,-0.051281474007428475,-0.0002257008641813466]', '[5.635061839450932e-5,-0.017093824669142825,-0.001128504320906733]', '[8.345060965172378e-6,-0.00026951951481950535,-2.4215478403777203e-5]', '[2.817530919725466e-5,-0.017093824669142825,-0.0002257008641813466]', '[1.0054310301197087,7.832404160401823,0.5495676681650101]', '[1.0108915563275787,61.34655493187979,0.3020246218923267]', 1.00000000000000000000, NULL);
INSERT INTO `t_perhitungan_det` VALUES (3, 1, 3, '[0.40233404404943285,0.5470672971981106,0.24179544993579344]', '[0.5812806099514106,0.5889082471087045,0.9954672844674732]', '[0.20222326834036666,0.15256829865028249,0.27243283267947366]', '[0.2080333826247329,0.9086585580217602,0.788726799518813]', '[0.23308700780139954,0.8094349268689742,0.9709957744292435]', '[0.9742991108125442,0.27555362499416625,0.8542060728330524]', '[0.15015109079951772,0.1689617187404063,0.07130070899681767]', '[0.34213244917908014,-0.1058327884933735,0.2948005210315792]', '[0.5775981893746405,0.8040953299329786,0.9839151246995415]', '[0.9527987982597442,0.9543290049256912,0.997954627008783]', '[0.9001829445538401,0.8377956259061484,0.9937584951733305]', '[\"0.95\",\"0.95\",\"1.00\"]', '[\"0.90\",\"0.84\",\"0.99\"]', '[\"0.996\",\"0.742\",\"1.343\"]', '[\"0.730\",\"0.677\",\"0.793\"]', '[0.003921423592040929,1.582427226310715,-0.3028224876889105]', '[0.00037363276859640065,0.15101562002524263,-0.030220310275145847]', '[0.00035299986359262997,0.1325750608517916,-0.030093241967037613]', '[0.0003921423592040929,0.15824272263107153,-0.030282248768891053]', '[0.001341646257813589,-0.1674726859482976,-0.08927222715076981]', '[0.002265007166533839,1.2724223426352426,-0.2979516257362597]', '[6.033819027607949e-5,-0.007299323022756377,-0.0001822215273939777]', '[0.00020351907260075713,0.1729147083096458,-0.0018480593926478177]', '[2.41352761104318e-5,-0.002189796906826913,-1.8222152739397772e-5]', '[1.20676380552159e-5,-0.0007299323022756377,-9.111076369698885e-5]', '[8.140762904030285e-5,0.05187441249289375,-0.00018480593926478177]', '[4.0703814520151427e-5,0.01729147083096458,-0.0009240296963239088]', '[6.03381902760795e-6,-0.0007299323022756377,-1.8222152739397772e-5]', '[2.0351907260075713e-5,0.01729147083096458,-0.00018480593926478177]', '[1.0039214838967614,8.258370030761576,0.6567277332954218]', '[1.0078583458294754,68.20067556498095,0.43129131567934265]', 1.00000000000000000000, NULL);
INSERT INTO `t_perhitungan_det` VALUES (4, 1, 4, '[0.4023581793255433,0.5448775002912838,0.24177722778305405]', '[0.5812926775894658,0.5881783148064288,0.9953761737037763]', '[0.20230467596940696,0.20444271114317625,0.27224802674020887]', '[0.20807408643925304,0.9259500288527248,0.7878027698224891]', '[0.23309304162042715,0.8087049945666986,0.9709775522765041]', '[0.9743194627198043,0.29284509582513085,0.8540212668937877]', '[0.1505432331587218,0.32720444137147786,0.04101846022792662]', '[0.34250608194767657,0.045182831531869125,0.2645802107564334]', '[0.5779511892382331,0.9366703907847702,0.9538218827325038]', '[0.9528044965020714,0.953977769191404,0.9979536225013309]', '[0.9002213405257022,0.862014473048422,0.9937274695684268]', '[\"0.95\",\"0.95\",\"1.00\"]', '[\"0.90\",\"0.86\",\"0.99\"]', '[\"0.997\",\"1.178\",\"1.253\"]', '[\"0.731\",\"0.765\",\"0.778\"]', '[0.002831414848014865,-1.6373549669479566,-0.23672188435243469]', '[0.00026977847986512927,-0.15620002387434767,-0.023623746201485333]', '[0.0002548900070064319,-0.14114236790268594,-0.02352370391290147]', '[0.0002831414848014865,-0.16373549669479567,-0.02367218843524347]', '[0.0009697768059620475,-0.07398033362947866,-0.06263192605262723]', '[0.0016364195786369821,-1.533661916744527,-0.22579051341702527]', '[4.3609008699952395e-5,-0.003248046259948508,-0.00012790628290664384]', '[0.00014698791713062468,-0.18242221619046184,-0.0014073942205512036]', '[1.744360347998096e-5,-0.0009744138779845525,-1.2790628290664385e-5]', '[8.72180173999048e-6,-0.00032480462599485083,-6.395314145332192e-5]', '[5.8795166852249873e-5,-0.054726664857138556,-0.00014073942205512037]', '[2.9397583426124937e-5,-0.018242221619046185,-0.0007036971102756019]', '[4.36090086999524e-6,-0.00032480462599485083,-1.2790628290664385e-5]', '[1.4698791713062468e-5,-0.018242221619046185,-0.00014073942205512037]', '[1.002831437547759,7.8222687084656055,0.7471037540587613]', '[1.0056708921341047,61.18788774744017,0.5581640193286941]', 1.00000000000000000000, NULL);
INSERT INTO `t_perhitungan_det` VALUES (5, 1, 5, '[0.4023756229290233,0.5439030864132992,0.2417644371547634]', '[0.5813013993912057,0.587853510180434,0.9953122205623229]', '[0.20236347113625922,0.14971604628603769,0.27210728731815376]', '[0.20810348402267917,0.9077078072336786,0.7870990727122135]', '[0.23309740252129715,0.8083801899407038,0.9709647616482134]', '[0.9743341615115173,0.27460287420608465,0.8538805274717325]', '[0.1508263746435233,0.1634689446766822,0.01734627179268315]', '[0.3427758604275417,-0.11101719234247855,0.24095646455494807]', '[0.5782060792452395,0.7955280228820842,0.9302981788196023]', '[0.9528086144601586,0.9538206514077417,0.997952917115975]', '[0.9002490631441327,0.8363693845383051,0.9937037391912243]', '[\"0.95\",\"0.95\",\"1.00\"]', '[\"0.90\",\"0.84\",\"0.99\"]', '[\"0.998\",\"0.723\",\"1.182\"]', '[\"0.731\",\"0.673\",\"0.765\"]', '[0.0020443430232446338,1.6579009164428746,-0.1761967865648131]', '[0.00019478676434590115,0.1581340132091035,-0.01758360971388161]', '[0.00018404178914212255,0.13866175691108193,-0.017508740564293288]', '[0.0002044343023244634,0.16579009164428749,-0.01761967865648131]', '[0.0007007514388017212,-0.18405550492551007,-0.04245575475660014]', '[0.001182051564102639,1.3189066381921957,-0.1639155496551118]', '[3.150883903326965e-5,-0.008107059024737729,-8.673253599823215e-5]', '[0.00010614904306041738,0.1804998083049874,-0.0010255569634707638]', '[1.2603535613307861e-5,-0.0024321177074213187,-8.673253599823216e-6]', '[6.3017678066539305e-6,-0.0008107059024737729,-4.336626799911608e-5]', '[4.2459617224166953e-5,0.054149942491496225,-0.00010255569634707639]', '[2.1229808612083477e-5,0.018049980830498743,-0.0005127784817353819]', '[3.1508839033269652e-6,-0.0008107059024737729,-8.673253599823216e-6]', '[1.0614904306041738e-5,0.018049980830498743,-0.00010255569634707639]', '[1.0020443515673532,8.277066263160016,0.8177497426509293]', '[1.0040928825080373,68.5098259247417,0.6687146416056611]', 1.00000000000000000000, NULL);
INSERT INTO `t_perhitungan_det` VALUES (6, 1, 6, '[0.4023882264646366,0.5414709687058779,0.24175576390116357]', '[0.5813077011590124,0.5870428042779602,0.9952688542943238]', '[0.20240593075348337,0.20386598877753392,0.27200473162180666]', '[0.20812471383129125,0.9257577880641773,0.7865862942304781]', '[0.23310055340520047,0.80756948403823,0.9709560883946136]', '[0.9743447764158234,0.2926528550365834,0.8537779717753854]', '[0.15103080894584778,0.32925903632096964,-0.00027340686379815834]', '[0.34297064719188763,0.047116820866624956,0.22337285484106645]', '[0.5783901210343816,0.9341897797931662,0.912789438255309]', '[0.9528115895979705,0.9534262587342729,0.9979524386600555]', '[0.9002690790979941,0.8617627524527893,0.9936863908872334]', '[\"0.95\",\"0.95\",\"1.00\"]', '[\"0.90\",\"0.86\",\"0.99\"]', '[\"0.999\",\"1.179\",\"1.130\"]', '[\"0.731\",\"0.765\",\"0.756\"]', '[0.0014760386789528833,-1.652960920392308,-0.12748828406966642]', '[0.00014063867600011852,-0.15759763461635984,-0.012722724398790951]', '[0.00013288319822139322,-0.1424460152454171,-0.01266833728775932]', '[0.00014760386789528835,-0.1652960920392308,-0.012748828406966643]', '[0.0005062379410007293,-0.07788226358565589,-0.02847742197143024]', '[0.0008537261901709869,-1.5441791982279995,-0.11636995920008407]', '[2.2761300372238236e-5,-0.0034583329337706556,-5.8189876486476986e-5]', '[7.665151940402441e-5,-0.1839545331626409,-0.0007300757351067248]', '[9.104520148895294e-6,-0.0010374998801311968,-5.818987648647699e-6]', '[4.552260074447647e-6,-0.00034583329337706557,-2.9094938243238493e-5]', '[3.0660607761609764e-5,-0.05518635994879227,-7.300757351067248e-5]', '[1.5330303880804882e-5,-0.01839545331626409,-0.0003650378675533624]', '[2.2761300372238235e-6,-0.00034583329337706557,-5.818987648647699e-6]', '[7.665151940402441e-6,-0.01839545331626409,-7.300757351067248e-5]', '[1.0014760418948048,7.8207685934888875,0.8703314791047942]', '[1.0029542624892847,61.16442139290215,0.7574768835207389]', 1.00000000000000000000, NULL);
INSERT INTO `t_perhitungan_det` VALUES (7, 1, 7, '[0.40239733098478553,0.5404334688257466,0.24174994491351492]', '[0.5813122534190869,0.5866969709845831,0.9952397593560806]', '[0.20243659136124498,0.14867962882874164,0.27193172404829596]', '[0.20814004413517206,0.9073623347479132,0.7862212563629247]', '[0.2331028295352377,0.8072236507448529,0.9709502694069649]', '[0.9743524415677638,0.2742574017203193,0.8537049642018747]', '[0.15117841281374306,0.16396294428173885,-0.013022235270764801]', '[0.34311128586788775,-0.11048081374973488,0.21065013044227548]', '[0.5785230042326029,0.7917437645477491,0.9001211009675497]', '[0.9528137386619447,0.9532570444734138,0.9979521175958119]', '[0.9002835306418139,0.8358486410855314,0.9936740120055332]', '[\"0.95\",\"0.95\",\"1.00\"]', '[\"0.90\",\"0.84\",\"0.99\"]', '[\"0.999\",\"0.720\",\"1.092\"]', '[\"0.731\",\"0.673\",\"0.749\"]', '[0.0010657061029726849,1.6676153171002324,-0.09085428833727989]', '[0.00010154194162882554,0.15896660484975622,-0.009066822943884894]', '[9.594376530107772e-5,0.1393873996651647,-0.009027954520001243]', '[0.0001065706102972685,0.16676153171002325,-0.009085428833727989]', '[0.0003656557913482135,-0.18423949725475586,-0.01913846768948812]', '[0.0006165354963207773,1.3203240289784264,-0.08177986204577559]', '[1.6439781292966405e-5,-0.008209353031925458,-3.911306789104866e-5]', '[5.5348299741834414e-5,0.1811559697905786,-0.0005140657488219983]', '[6.575912517186563e-6,-0.0024628059095776374,-3.911306789104866e-6]', '[3.2879562585932814e-6,-0.0008209353031925458,-1.955653394552433e-5]', '[2.2139319896733766e-5,0.05434679093717358,-5.140657488219983e-5]', '[1.1069659948366883e-5,0.01811559697905786,-0.00025703287441099915]', '[1.6439781292966407e-6,-0.0008209353031925458,-3.911306789104866e-6]', '[5.5348299741834415e-6,0.01811559697905786,-5.140657488219983e-5]', '[1.0010657073133307,8.279575720019173,0.9083765458347992]', '[1.002132550358739,68.551374103531,0.8251479490227611]', 1.00000000000000000000, NULL);
INSERT INTO `t_perhitungan_det` VALUES (8, 1, 8, '[0.4024039068973027,0.537970662916169,0.2417460336067258]', '[0.5813155413753455,0.5858760356813906,0.9952202028221351]', '[0.2024587306811417,0.20302641976591523,0.2718803174734138]', '[0.20815111379512044,0.925477931726971,0.7859642234885137]', '[0.233104473513367,0.8064027154416604,0.9709463581001758]', '[0.974357976397738,0.29237299869937716,0.8536535576269925]', '[0.15128498342404031,0.33072447599176213,-0.02210766410449279]', '[0.34321282780951656,0.04848579110002134,0.2015833074983906]', '[0.578618947997904,0.9311311642129138,0.8910931464475484]', '[0.9528152908063381,0.9528530214820423,0.9979519017601504]', '[0.9002939646115262,0.8613956187882609,0.9936652812396574]', '[\"0.95\",\"0.95\",\"1.00\"]', '[\"0.90\",\"0.86\",\"0.99\"]', '[\"0.999\",\"1.179\",\"1.065\"]', '[\"0.731\",\"0.765\",\"0.744\"]', '[0.0007694390902491649,-1.6505164122997413,-0.0642426282301363]', '[7.331333305335223e-5,-0.1572699550465509,-0.006411105301633484]', '[6.927213690875066e-5,-0.14217476062931161,-0.006383566924787313]', '[7.69439090249165e-5,-0.16505164122997415,-0.0064242628230136295]', '[0.0002640813659915977,-0.08002659397392195,-0.012950241481020353]', '[0.0004452120369484361,-1.5368472685371797,-0.05724616572565225]', '[1.1872652554430426e-5,-0.0035951259861992744,-2.6469044322082605e-5]', '[3.996434358548455e-5,-0.18348912363052583,-0.00036034114795778803]', '[4.74906102177217e-6,-0.0010785377958597824,-2.646904432208261e-6]', '[2.374530510886085e-6,-0.0003595125986199275,-1.3234522161041304e-5]', '[1.598573743419382e-5,-0.05504673708915775,-3.603411479577881e-5]', '[7.99286871709691e-6,-0.018348912363052583,-0.00018017057397889404]', '[1.1872652554430426e-6,-0.0003595125986199275,-2.646904432208261e-6]', '[3.996434358548455e-6,-0.018348912363052583,-3.603411479577881e-5]', '[1.000769439545786,7.821003386089419,0.9354888970478383]', '[1.0015394711287866,61.16809396522216,0.8751394764997811]', 1.00000000000000000000, NULL);
INSERT INTO `t_perhitungan_det` VALUES (9, 1, 9, '[0.4024086559583245,0.5368921251203093,0.2417433867022936]', '[0.5813179159058564,0.5855165230827707,0.995206968299974]', '[0.2024747164185759,0.14797968267675748,0.271844283358618]', '[0.20815910666383755,0.9071290193639184,0.7857840529145348]', '[0.23310566077862244,0.8060432028430405,0.9709437111957436]', '[0.9743619728320966,0.2740240863363246,0.8536175235121967]', '[0.15136192733306522,0.16567283476178798,-0.028531926927506418]', '[0.3432861411425699,-0.10878416394652955,0.1951722021967571]', '[0.5786882201348128,0.7889564035836021,0.8847095795227611]', '[0.9528164117199708,0.9526750442387525,0.9979517556844842]', '[0.9003014978753164,0.8354962033154829,0.9936591541577999]', '[\"0.95\",\"0.95\",\"1.00\"]', '[\"0.90\",\"0.84\",\"0.99\"]', '[\"0.999\",\"0.721\",\"1.045\"]', '[\"0.731\",\"0.673\",\"0.740\"]', '[0.0005555319086570321,1.6645960751635624,-0.045247079461817725]', '[5.293199198025399e-5,0.15858191395461008,-0.004515440238851637]', '[5.001462094814595e-5,0.13907637008530108,-0.004496017470614056]', '[5.555319086570321e-5,0.16645960751635624,-0.004524707946181773]', '[0.00019070640520443916,-0.1810816923453426,-0.008830972141534624]', '[0.00032147977144883326,1.3132937328804235,-0.040030524645297716]', '[8.57364455141351e-6,-0.008164123206793937,-1.8050939869773824e-5]', '[2.885560983313308e-5,0.18050210801941122,-0.00025221790543460197]', '[3.429457820565404e-6,-0.0024492369620381814,-1.8050939869773825e-6]', '[1.714728910282702e-6,-0.0008164123206793937,-9.025469934886912e-6]', '[1.1542243933253233e-5,0.054150632405823365,-2.5221790543460197e-5]', '[5.771121966626616e-6,0.01805021080194112,-0.00012610895271730098]', '[8.57364455141351e-7,-0.0008164123206793937,-1.8050939869773825e-6]', '[2.885560983313308e-6,0.01805021080194112,-2.5221790543460197e-5]', '[1.000555532080103,8.27879304366291,0.9546597126205558]', '[1.0011113727760979,68.53841425980139,0.9113751669007623]', 1.00000000000000000000, NULL);
INSERT INTO `t_perhitungan_det` VALUES (10, 1, 10, '[0.40241208541614504,0.5344428881582711,0.2417415816083066]', '[0.5813196306347667,0.5847001107620913,0.9951979428300392]', '[0.20248625866250916,0.20213031508258084,0.2718190615680745]', '[0.20816487778580417,0.9251792301658596,0.7856579439618175]', '[0.2331065181430776,0.8052267905223611,0.9709419061017567]', '[0.9743648583930798,0.2920742971382657,0.8535923017216532]', '[0.15141748052393092,0.3321324422781442,-0.03305663487368819]', '[0.34333907313455014,0.049797750008080524,0.19065676195790546]', '[0.5787382347557609,0.9280327736689031,0.8802135620521471]', '[0.952817221153934,0.9522685041006773,0.997951656060151]', '[0.9003069368322919,0.8610028604535954,0.9936548620529881]', '[\"0.95\",\"0.95\",\"1.00\"]', '[\"0.90\",\"0.86\",\"0.99\"]', '[\"1.000\",\"1.179\",\"1.032\"]', '[\"0.731\",\"0.765\",\"0.737\"]', '[0.00040109047322783756,-1.6463070044303496,-0.03180580893871236]', '[3.821659101322646e-5,-0.15677263083993562,-0.0031740659702720756]', '[3.611045353443688e-5,-0.1417475039999321,-0.003160399669347993]', '[4.010904732278376e-5,-0.16463070044303496,-0.0031805808938712363]', '[0.00013771003132114385,-0.08198238464317446,-0.0060639925437067045]', '[0.00023212639245323149,-1.5278268556320405,-0.027995904379894028]', '[6.190969867712587e-6,-0.0037263617419395615,-1.2395699606474687e-5]', '[2.0834354940439806e-5,-0.18284563490209824,-0.00017651073841875792]', '[2.476387947085035e-6,-0.0011179085225818685,-1.2395699606474689e-6]', '[1.2381939735425175e-6,-0.00037263617419395616,-6.197849803237344e-6]', '[8.333741976175922e-6,-0.054853690470629476,-1.765107384187579e-5]', '[4.166870988087961e-6,-0.018284563490209824,-8.825536920937896e-5]', '[6.190969867712588e-7,-0.00037263617419395616,-1.2395699606474689e-6]', '[2.0834354940439805e-6,-0.018284563490209824,-1.765107384187579e-5]', '[1.0004010905377527,7.821407856090472,0.9681619179606349]', '[1.000802341949125,61.174420851313755,0.9373374993892151]', 1.00000000000000000000, NULL);

-- ----------------------------
-- Table structure for t_role_menu
-- ----------------------------
DROP TABLE IF EXISTS `t_role_menu`;
CREATE TABLE `t_role_menu`  (
  `id_menu` int(11) NOT NULL,
  `id_role` int(11) NOT NULL,
  `add_button` int(1) NULL DEFAULT 0,
  `edit_button` int(1) NULL DEFAULT 0,
  `delete_button` int(1) NULL DEFAULT 0,
  INDEX `f_level_user`(`id_role`) USING BTREE,
  INDEX `id_menu`(`id_menu`) USING BTREE,
  CONSTRAINT `t_role_menu_ibfk_1` FOREIGN KEY (`id_role`) REFERENCES `m_role` (`id`) ON DELETE RESTRICT ON UPDATE RESTRICT,
  CONSTRAINT `t_role_menu_ibfk_2` FOREIGN KEY (`id_menu`) REFERENCES `m_menu` (`id`) ON DELETE RESTRICT ON UPDATE RESTRICT
) ENGINE = InnoDB CHARACTER SET = latin1 COLLATE = latin1_swedish_ci ROW_FORMAT = COMPACT;

-- ----------------------------
-- Records of t_role_menu
-- ----------------------------
INSERT INTO `t_role_menu` VALUES (1, 6, 0, 0, 0);
INSERT INTO `t_role_menu` VALUES (6, 6, 0, 0, 0);
INSERT INTO `t_role_menu` VALUES (19, 6, 1, 1, 1);
INSERT INTO `t_role_menu` VALUES (1, 4, 0, 0, 0);
INSERT INTO `t_role_menu` VALUES (14, 4, 0, 0, 0);
INSERT INTO `t_role_menu` VALUES (15, 4, 1, 1, 1);
INSERT INTO `t_role_menu` VALUES (18, 4, 1, 1, 1);
INSERT INTO `t_role_menu` VALUES (20, 4, 1, 1, 1);
INSERT INTO `t_role_menu` VALUES (1, 5, 0, 0, 0);
INSERT INTO `t_role_menu` VALUES (14, 5, 0, 0, 0);
INSERT INTO `t_role_menu` VALUES (18, 5, 1, 1, 1);
INSERT INTO `t_role_menu` VALUES (20, 5, 1, 1, 1);
INSERT INTO `t_role_menu` VALUES (1, 1, 0, 0, 0);
INSERT INTO `t_role_menu` VALUES (6, 1, 0, 0, 0);
INSERT INTO `t_role_menu` VALUES (7, 1, 1, 1, 1);
INSERT INTO `t_role_menu` VALUES (12, 1, 1, 1, 1);
INSERT INTO `t_role_menu` VALUES (16, 1, 1, 1, 1);
INSERT INTO `t_role_menu` VALUES (17, 1, 1, 1, 1);
INSERT INTO `t_role_menu` VALUES (19, 1, 1, 1, 1);
INSERT INTO `t_role_menu` VALUES (21, 1, 1, 1, 1);
INSERT INTO `t_role_menu` VALUES (14, 1, 0, 0, 0);
INSERT INTO `t_role_menu` VALUES (15, 1, 1, 1, 1);
INSERT INTO `t_role_menu` VALUES (18, 1, 1, 1, 1);
INSERT INTO `t_role_menu` VALUES (20, 1, 1, 1, 1);
INSERT INTO `t_role_menu` VALUES (2, 1, 0, 0, 0);
INSERT INTO `t_role_menu` VALUES (4, 1, 1, 1, 1);
INSERT INTO `t_role_menu` VALUES (3, 1, 1, 1, 1);

SET FOREIGN_KEY_CHECKS = 1;
